,exp_var,imodulon_size,enrichment_category,system_category,functional_category,function,regulator,n_regs,pvalue,qvalue,f1score,precision,recall,TP,regulon_size,confidence,note,trn_enrich_max_regs,trn_enrich_evidence,trn_enrich_method,compute_regulon_evidence,single_gene_dominant_technical,tcs,regulon_discovery,ko,PRECISE 2.0,PRECISE 2.0_pearson,PRECISE 2.0_spearman,PRECISE,PRECISE_pearson,PRECISE_spearman
Sugar Diacid,0.0024127485650338176,14,Regulatory,Metabolism,Carbon Metabolism,Transport and catabolism of carbohydrate diacids (galacatarate and glucarate),CdaR,1.0,1.5957666404638413e-24,7.110895726570922e-20,0.782608695652174,0.6428571428571429,1.0,9.0,9.0,5,,2.0,"[0, 1, 2]",and,,False,False,False,False,CdaR,0.9520544086063617,0.7587257394386013,CdaR,0.9055518531347936,0.5627037505526795
Translation,0.007469244936529229,53,Regulatory,Translation,Translation,Ribosome biogenesis,DksA,1.0,7.972754901574647e-65,5.125923308869388e-60,0.5333333333333334,0.8301886792452831,0.39285714285714285,44.0,112.0,5,"May include additional regulators such as ppGpp, Fnr, ArcA, RplD",2.0,None,and,,False,False,False,False,Translation,0.8928584443281625,0.7644322300239882,translation,0.667232099585064,0.48260224131889534
ygdT,0.0003444287841030125,3,Technical,Single Gene,Unknown,Unknown,,,,,,,,,,5,,,,,,True,False,False,False,SG_ygdT,0.6534717081887623,0.42266060484886797,,,
OxyR,0.001747389953030365,38,Regulatory,Stress Responses,Redox Stress,"Oxidative stress response, especially peroxide",OxyR,1.0,2.620143742153321e-27,4.7086603190237334e-23,0.47761194029850745,0.42105263157894735,0.5517241379310345,16.0,40.0,4,May also account for oxyR KO from oxyR project,2.0,"[1, 2]",and,,False,False,False,False,OxyR,0.9263524883848565,0.7305201006577565,OxyR,0.6211287012321258,0.2547046541664932
FlhDC-2,0.03002112021518999,43,Regulatory,Stress Responses,Extracellular Structures,Flagellum biosynthesis and export,FlhDC,1.0,7.733764437940698e-62,3.4477895240783424e-57,0.596774193548387,0.8604651162790697,0.4567901234567901,37.0,81.0,5,,2.0,"[0, 1, 2]",and,,False,False,False,False,FlhDC-2,0.9171795848356206,0.43945467843181263,FlhDC,0.9076237212029351,0.31064080437617625
Osmoprotectant,0.004189024907953809,4,Regulatory,Stress Responses,Envelope Stress,Transport of osmoprotectant glycine betaine,RpoS+ppGpp+IHF+H-NS,4.0,1.7418526969696285e-08,,0.5,0.75,0.375,3.0,8.0,5,,,,,"[0, 1, 2]",False,False,False,False,ProVWX,0.8422793252660592,0.7143628437109121,proVWX,0.5438560165428917,0.39887375667933317
Glutamine,0.005121960573251538,9,Regulatory,Metabolism,Nitrogen Metabolism,Glutamine transport and synthesis,NtrC,1.0,6.645278751797464e-11,4.6516951262582255e-10,0.3846153846153846,0.5555555555555556,0.29411764705882354,5.0,50.0,5,Likely includes RpoN,1.0,"[1, 2]",and,,False,False,False,False,NtrC-1,0.6652367981371281,0.5284926606403111,,,
Sialic Acid,0.001740666497255794,13,Regulatory,Metabolism,Carbon Metabolism,N-acetyl-neuraminic acid (or sialic acid) transport and metabolism,Crp+NanR,2.0,4.843151753807759e-22,1.0791026422659067e-17,0.761904761904762,0.6153846153846154,1.0,8.0,8.0,5,,2.0,"[0, 1, 2]",and,,False,False,False,False,NanR,0.7974020146307345,0.697389787675638,,,
yqhI,0.0015155493442772228,2,Technical,Single Gene,Unknown,Unknown,,,,,,,,,,5,,,,,,True,False,False,False,SG_yqhI,0.6906282853856793,0.5040880453557314,,,
ROS TALE Amp,0.004049668579637844,9,Genomic,ALE Effects,Unknown,Amplification of DLP12/IS3,,,,,,,,,,5,From ros_tale project,,,,,False,False,False,False,DLP12,0.8606122566792401,0.6676398751155891,,,
Nucleotide Stress,0.005925631323866809,15,Biological,Stress Responses,DNA Damage,DNA repair; stringent response signaling via ppGpp; ribosomal biogenesis and stability,,,,,,,,,,2,,,,,,False,False,False,False,DksA-related,0.8033133695908479,0.7216471287272098,,,
Histidine,0.002411223379945149,9,Regulatory,Metabolism,Amino Acid Metabolism,Histidine biosynthesis,His-tRNA+DksA,2.0,3.386819408257175e-24,1.088286680455278e-19,0.9411764705882353,0.8888888888888888,1.0,8.0,8.0,5,,2.0,None,and,,False,False,False,False,Histidine,0.9389164831908116,0.7509599335555003,His-tRNA,0.7839213722544992,0.44733258417825045
UC-4,0.003195530922237788,39,Unknown,Unknown,Unknown,Unknown,,,,,,,,,,1,May be related to RcsC,,,,,False,False,False,False,RcsC-related,0.9432796124575895,0.7497625176904585,uncharacterized-1,0.6950818090937446,0.33366624079876595
RpoH,0.0039865130407905625,41,Regulatory,Stress Responses,Temperature Shock,Global heat shock response during log-phase; response to high temperature and/or misfolded proteins,RpoH,1.0,1.0337565518252285e-45,4.608486708036868e-41,0.37569060773480667,0.8292682926829268,0.24285714285714285,34.0,140.0,5,,2.0,"[0, 1, 2]",and,,False,False,False,False,RpoH,0.9369303995583069,0.6985141911702314,RpoH,0.6851851824528309,0.3374392870810485
FucR/AllR/AraC,0.0011734254283444212,20,Regulatory,Metabolism,Nitrogen Metabolism,Allantoin/glycolate/glyoxylate/arabinose/fucose transport and catabolism,FucR/AllR/AraC,3.0,2.0009548778834715e-47,1.7828928162466087e-40,0.8,1.0,0.6666666666666666,20.0,34.0,5,,3.0,"[0, 1, 2]",both,,False,False,False,False,AllR/AraC/FucR,0.8684776056935375,0.6858050080278152,AllR/AraC/FucR,0.8275768053786308,0.5406191605415639
ldrC,0.001387527626790508,1,Technical,Single Gene,Unknown,Unknown,,,,,,,,,,5,,,,,,True,False,False,False,rdlC,0.798264662945277,0.5157322434864638,,,
Ferric Citrate,0.0009606918070365067,7,Regulatory,Stress Responses,Metal Homeostasis,Ferric citrate transporter; iron uptake under intracellular limitation,PdhR+HypT+Nac+Crp+Fur+FecI,6.0,1.8067698659836255e-15,,0.8333333333333333,0.7142857142857143,1.0,5.0,5.0,5,,,,,None,False,False,False,False,FecI,0.8411948796899105,0.6467943521295957,FecI,0.49065528146057524,
Zinc-1,0.009916591440277678,14,Regulatory,Stress Responses,Metal Homeostasis,Zinc sensing and uptake; copper sensing and export,Zur/ZntR/CueR,3.0,3.177832560044469e-21,2.831516816616407e-14,0.6428571428571429,0.6428571428571429,0.6428571428571429,9.0,15.0,4,CueR involvement may be promiscuous,3.0,"[0, 1, 2]",both,,False,False,False,False,ZntR/Zur/CueR,0.9775344562975745,0.7341257933875224,Zinc,0.9212844040645926,0.46353598062751966
Methionine,0.006689771529759803,21,Regulatory,Metabolism,Amino Acid Metabolism,Methionine transport and biosynthesis,MetJ,1.0,2.319708735531515e-24,1.0337781979896197e-19,0.611111111111111,0.5238095238095238,0.7333333333333333,11.0,15.0,5,,2.0,"[0, 1, 2]",and,,False,False,False,False,MetJ,0.9424211193339735,0.7186010461727178,MetJ,0.8110790256123123,0.3896927307982855
Sorbitol,0.002664523142145492,6,Regulatory,Metabolism,Carbon Metabolism,Sorbitol transport and catabolism,SrlR+GutM+Crp+H-NS,4.0,8.498447158906987e-19,1.2224304326864176e-11,0.923076923076923,1.0,0.8571428571428571,6.0,7.0,5,,4.0,"[0, 1, 2]",and,,False,False,False,False,GutM+SrlR,0.8513381890053598,0.5815260106558441,SrlR+GutM,0.6780953590170358,0.33933680251079823
Glycerol,0.007230758811207161,11,Regulatory,Metabolism,Carbon Metabolism,Glycerol/glycerol-3-phosphate transport and catabolism,Crp+GlpR,2.0,4.3839742869885756e-26,6.513124465702694e-22,0.9,0.8181818181818182,1.0,9.0,9.0,5,,2.0,"[0, 1, 2]",and,,False,False,False,False,GlpR-1,0.9667014922391057,0.692651699730034,GlpR,0.911655024322613,0.4028587749535243
Nucleoside,0.0013260197751645553,11,Regulatory,Metabolism,Nucleotide Metabolism,Transport and utilization of ribonucleosides and deoxyribonucleosides,Crp+CytR,2.0,2.578305469859207e-14,2.3160918035745256e-10,0.5454545454545454,0.5454545454545454,0.5454545454545454,6.0,13.0,5,,2.0,"[1, 2]",and,,False,False,False,False,,,,purR-KO,0.3508692043703447,
SoxS,0.004168169538609545,117,Regulatory,Stress Responses,Redox Stress,"Superoxide/nitric oxide sensing and removal, protection from organic solvents and antibiotics",SoxS,1.0,1.41412965153717e-43,6.308856614402777e-39,0.40251572327044033,0.27350427350427353,0.7619047619047619,32.0,48.0,4,Rob and MarA co-regulate subset of genes; but P1K activity centered around paraquat (superoxide),2.0,"[0, 1, 2]",and,,False,False,False,False,SoxS,0.9771565385881273,0.8456008005199579,SoxS,0.746366263726341,0.36872095868466076
thrA KO,0.0012832693113496996,5,Genomic,Genetic Alterations,Amino Acid Metabolism,thrA KO and compensatory transcriptional changes,,,,,,,,,,5,From fps project,,,,,False,False,False,True,thrA KO,0.7964678164442088,0.6423203442530527,thrA-KO,0.6232035001596962,0.38959976900042204
YjfJ,0.002199634485085755,4,Regulatory,Stress Responses,Temperature Shock,Putative heat responsive regulon,YjfJ,,,,,,,,,2,,,,,,False,False,True,False,,,,,,
Lrp,0.011047730119156163,42,Regulatory,Metabolism,Amino Acid Metabolism,"Global regulation of amino acid biosynthesis/catabolism, stationary phase, nutrient transport, pili synthesis, 1-carbon metabolism",Lrp,1.0,1.4564948870309672e-22,6.494219402293676e-18,0.3243243243243243,0.42857142857142855,0.2608695652173913,18.0,324.0,5,,2.0,"[0, 1, 2]",and,,False,False,False,False,Lrp,0.9188896502566634,0.7209498636192818,Lrp,0.837464018342523,0.5059287223311512
baeR KO,0.0016671227829292423,54,Genomic,Genetic Alterations,Envelope Stress,baeR KO,,,,,,,,,,4,May include side effect deletion of KpLE12 phage region,,,,,False,False,False,True,,,,,,
ydaG,0.0015127926125303448,4,Technical,Single Gene,Unknown,Unknown,,,,,,,,,,5,,,,,,True,False,False,False,SG_ydaG,0.7292063198676569,0.4926784315122079,,,
ldrA,0.0005526171253633638,1,Technical,Single Gene,Unknown,Unknown,,,,,,,,,,5,,,,,,True,False,False,False,SG_ldrA,0.6373296498607876,0.3957849579937481,,,
Quorum Sensing,0.0023016299507784277,10,Regulatory,Stress Responses,Quorum Sensing,"Quorum sensing via autoinducer 2, biofilm architecture, foreign DNA stress response; lsrR KO",Crp+LsrR,2.0,7.97086233997923e-27,7.157037295067351e-23,0.9473684210526316,0.9,1.0,9.0,9.0,5,Elucidated by lsrR KO from DDB3 project but other project activities suggest capture of actual regulon variation,2.0,"[1, 2]",and,,False,False,False,False,LsrR,0.5105783890536919,0.32915328186585774,,,
IS Elements-2,0.004801661367134891,49,Biological,Unknown,Unknown,Unknown,,,,,,,,,,1,,,,,,False,False,False,False,Single Reads,0.7900937328842293,0.5703579292942142,,,
Nickel,0.0031656588244300954,5,Regulatory,Stress Responses,Metal Homeostasis,Nickel sensing and uptake,RpoN+NarL+NikR+Fnr,4.0,5.162199617096073e-16,2.134800098409625e-08,0.9090909090909091,1.0,0.8333333333333334,5.0,6.0,5,,4.0,"[0, 1, 2]",and,,False,False,False,False,NikR+Fnr+NarL,0.8865300303823048,0.6807153966776417,NikR,0.6481086925970923,0.3168818957911681
CpxR,0.0021876125954307657,53,Regulatory,Stress Responses,Envelope Stress,"Inner membrane damage sensing and repair via protein folding/degradation, chemotaxis, drug efflux, DNA repair, motility",CpxR,1.0,2.515545883006012e-25,4.520184397173503e-21,0.37254901960784315,0.3584905660377358,0.3877551020408163,19.0,68.0,5,,2.0,"[1, 2]",and,,False,True,False,False,CpxR,0.9419031201388959,0.7255262937485641,CpxR,0.6669527202512066,0.33481658057863467
Curli-2,0.0018032410607966565,5,Regulatory,Stress Responses,Extracellular Structures,Curli secretion and assembly,RpoS+FliZ+CpxR+CsgD+BtsR,5.0,2.720205137031958e-08,,0.5,0.6,0.42857142857142855,3.0,7.0,5,,,,,None,False,False,False,False,,,,,,
Acid Shock RNA,0.0014709159579372466,3,Biological,Stress Responses,Acid Stress,Very low pH-responsive acid shock polypeptide,,,,,,,,,,5,,,,,,False,False,False,False,asr,0.8407938148688745,0.6539048515364142,,,
FucR/ExuR,0.0018713021866049173,14,Regulatory,Metabolism,Carbon Metabolism,Fucose/galacturonate/glucuronate transport and catabolism,FucR/ExuR,2.0,7.702075810542631e-27,6.864166983113698e-22,0.7333333333333334,0.7857142857142857,0.6875,11.0,17.0,5,,2.0,"[0, 1, 2]",both,,False,False,False,False,FucR/ExuR,0.8950250658838882,0.7363459934055103,ExuR/FucR,0.7901977851532014,0.4793702214893538
cydB/appC KO,0.0011857573787881215,11,Genomic,Genetic Alterations,Energy Metabolism,cydB/appC KO and compensatory regulatory changes,,,,,,,,,,4,From eep project,,,,,False,False,False,True,,,,,,
ymdG,0.0004899636080474279,1,Technical,Single Gene,Unknown,Unknown,,,,,,,,,,5,,,,,,True,False,False,False,SG_ymdG,0.7381714795895068,0.4880142352391236,,,
EvgA,0.0019328254419214153,15,Regulatory,Stress Responses,Envelope Stress,"Glutamate-dependent acid response, drug resistance, alkali metals response",EvgA,1.0,3.8545754267781884e-29,6.924744754207015e-25,0.7500000000000001,0.8,0.7058823529411765,12.0,18.0,5,,2.0,"[1, 2]",and,,False,True,False,False,EvgA,0.9517964260258384,0.7132143756074509,EvgA,0.8239948879584572,0.4068268218677966
Xylose,0.001982187167755778,15,Regulatory,Metabolism,Carbon Metabolism,d-Xylose transport and catabolism,Crp+XylR,2.0,1.0274746445703161e-17,2.28936762929935e-13,0.608695652173913,0.4666666666666667,0.875,7.0,8.0,5,,2.0,"[0, 1, 2]",and,,False,False,False,False,XylR,0.9220636703657807,0.7248881924869489,XylR,0.8560809200740425,0.5145235824700058
IS1,0.001763840316990395,9,Genomic,Unknown,Unknown,IS1 transcripts,,,,,,,,,,2,,,,,,False,False,False,False,,,,,,
pgi KO,0.001000203821878487,4,Genomic,Genetic Alterations,Carbon Metabolism,pgi KO,,,,,,,,,,5,From cck and svns_pgi projects,,,,,False,False,False,True,pgi KO,0.8647546166952653,0.6947312565420896,sgrT,0.3191514271835783,
Biotin,0.0032899000451902527,8,Regulatory,Metabolism,Cofactor Metabolism,Biotin biosynthesis,BirA,1.0,4.8180529759563334e-15,8.653223144817575e-11,0.7692307692307693,0.625,1.0,5.0,5.0,5,,2.0,"[1, 2]",and,,False,False,False,False,BirA,0.8620635071769385,0.630438196119485,,,
N Reduction,0.004966281643770887,24,Regulatory,Metabolism,Energy Metabolism,"Electron transfer via nitrate reductases (periplasmic and A), cytochrome c",FlhDC+ModE+NarP+NarL+Fnr,5.0,6.4137503696358585e-37,,0.7692307692307693,0.625,1.0,15.0,15.0,4,,,,,"[0, 1, 2]",False,False,False,False,Fnr+NarLP,0.8882786034969669,0.6368167440790071,NarL,0.6624401057345639,
FDH-N/NRA,0.003483903883483519,15,Regulatory,Metabolism,Energy Metabolism,Anaerobic growth on nitrate; formate-to-nitrate electron transfer via formate dehydrogenase N and nitrate reductase A,NarL+Fnr,2.0,6.11749795653766e-19,5.494430789664299e-15,0.3188405797101449,0.7333333333333333,0.2037037037037037,11.0,102.0,5,,2.0,"[1, 2]",and,,False,False,False,False,Fnr+NarL,0.6904356843374585,0.4739114521102419,nitrate-related,0.39763531972373894,
Resistance,0.004146332883598891,58,Biological,Stress Responses,Envelope Stress,Multidrug resistance; stress response to harmful compounds/antibiotics,,,,,,,,,,2,,,,,,False,False,False,False,Resistance,0.8617055059085769,0.6731561084880884,,,
PAL 10 Del,0.005210064024499195,108,Genomic,ALE Effects,Unknown,Unknown,,,,,,,,,,5,,,,,,False,False,False,False,PAL Del-2,0.9332054015041953,0.7690456193660098,deletion-2,0.8705282476579769,0.5705534036439383
Biofilm,0.0024403327678284015,5,Regulatory,Stress Responses,Extracellular Structures,"Biofilm formation, acid resistance, cold shock response",RpoS+ppGpp+BluR+MarA,4.0,3.6591391619182657e-13,,0.888888888888889,0.8,1.0,4.0,4.0,5,Acid 2CS?,,,,None,False,False,False,False,BluR,0.8660194984715741,0.6676450295727272,,,
Cytochrome c,0.0032992208849464966,6,Regulatory,Metabolism,Energy Metabolism,Cytochrome c-552 and putative cytochrome c-related proteins,FlhDC+IHF+NsrR+NarL+NarP+Fis+Fnr,7.0,8.498447158906987e-19,,0.923076923076923,1.0,0.8571428571428571,6.0,7.0,3,,,,,"[0, 1, 2]",False,False,False,False,Cytochrome c,0.721237414615794,0.5521627653797955,ArcA-2,0.2630813203631485,
BasR,0.0013302764357293606,15,Regulatory,Stress Responses,Extracellular Structures,Lipid A modification and polymixin resistance in the presence of excess iron,BasR,1.0,1.9518322182926464e-18,1.2545206399854155e-13,0.4864864864864865,0.6,0.4090909090909091,9.0,22.0,4,,2.0,None,and,,False,True,False,False,BasR,0.8840560905340185,0.6725282905159274,,,
Sulfoquinovose,0.0011743640365809993,10,Regulatory,Metabolism,Carbon Metabolism,Sulfoquinovose transport and catabolism,CsqR,1.0,2.1681238391803505e-14,3.893299978016155e-10,0.6666666666666666,0.5,1.0,5.0,5.0,5,,2.0,"[1, 2]",and,,False,False,False,False,CsqR,0.9475472653403711,0.7535921433230505,CsqR,0.8521278177359874,0.49235826781649383
RpoS,0.03912780541783267,122,Regulatory,Stress Responses,Global Stress,Master regulator of global stress response,RpoS,1.0,1.3342563549334952e-23,5.952251024993815e-19,0.21476510067114096,0.39344262295081966,0.1476923076923077,48.0,325.0,5,Also accounts for DDB3 rpoS KO,2.0,"[0, 1, 2]",and,,False,False,False,False,RpoS,0.9600826077389254,0.7169920519898669,RpoS,0.8335923656629463,0.3927292045477331
lsrB KO,0.00030992826962494835,8,Genomic,Genetic Alterations,Quorum Sensing,lsrB KO and compensatory regulatory changes,,,,,,,,,,4,,,,,,False,False,False,True,,,,,,
UC-1,0.004625492815617971,27,Unknown,Unknown,Unknown,Unknown,,,,,,,,,,1,,,,,,False,False,False,False,UC-1,0.8002919194428728,0.704136261504467,,,
Fur-1,0.009577588123336422,32,Regulatory,Stress Responses,Metal Homeostasis,"Iron sensing and uptake, enterobactin biosynthesis, iron-sulfur cluster activation, iron sequestration",Fur,1.0,2.8104967680531478e-40,1.0484122519361535e-35,0.3522012578616352,0.875,0.2204724409448819,28.0,128.0,5,,2.0,"[0, 1, 2]",and,,False,False,False,False,Fur-1,0.9268120716386734,0.6384112731303682,Fur-1,0.8146041629754124,0.2781514454762306
ykgR,0.00125084122854624,1,Technical,Single Gene,Unknown,Unknown,,,,,,,,,,5,,,,,,True,False,False,False,SG_ykgR,0.78574287448514,0.5052644304941437,,,
Sulfate,0.0012151632798734768,17,Regulatory,Metabolism,Amino Acid Metabolism,Cysteine transport and biosynthesis; aliphatic sulfonate utilization and homeostatic response to sulfate starvation,Cbl+CysB,2.0,1.9377166348489505e-23,4.3179108632656586e-19,0.6923076923076924,0.5294117647058824,1.0,9.0,9.0,5,,2.0,"[0, 1, 2]",and,,False,False,False,False,CysB+Cbl,0.9341644001636082,0.7537748337999503,Cbl+CysB,0.7246930975899711,0.48896938302367726
ypaB,0.0008675182021106176,1,Technical,Single Gene,Unknown,Unknown,,,,,,,,,,5,,,,,,True,False,False,False,,,,,,
Fur-2,0.00590710027722452,44,Regulatory,Stress Responses,Metal Homeostasis,"Iron sensing and uptake, enterobactin biosynthesis, iron-sulfur cluster activation, iron sequestration",Fur,1.0,3.899238031029604e-37,8.692571342574297e-33,0.3508771929824561,0.6818181818181818,0.23622047244094488,30.0,128.0,5,,2.0,"[0, 1, 2]",and,,False,False,False,False,Fur-2,0.9395095542622907,0.7360094921096957,Fur-2,0.7069904650520564,0.3105385601080983
Magnesium,0.0013458395093458586,21,Regulatory,Stress Responses,Metal Homeostasis,Magnesium sensing and transport; magnesium-limitation response,PhoP,1.0,9.335837142539452e-15,1.67662299242866e-10,0.3902439024390244,0.38095238095238093,0.4,8.0,53.0,5,,2.0,"[1, 2]",and,,False,True,False,False,PhoP,0.7885620415802469,0.5828493430287484,,,
Nitrate/Nitrite,0.0007914939633140161,9,Regulatory,Metabolism,Nitrogen Metabolism,Nitrate/nitrite transport and reduction,NarL+Fnr,2.0,3.4899589009106388e-15,3.13450658685289e-11,0.25396825396825395,0.8888888888888888,0.14814814814814814,8.0,102.0,4,May include NarP through NarL crosstalk,2.0,"[1, 2]",and,,False,False,False,False,NarL,0.6196264269758628,0.4576736884188804,,,
glrR KO,0.0003215195076921029,7,Genomic,Genetic Alterations,Envelope Stress,glrR (aka qseF) KO; xylose transport and catabolism,,,,,,,,,,4,May combine two different effects,,,,,False,False,False,True,XylR,,0.31107636554635026,,,
Fnr-1,0.013367723425522504,46,Regulatory,Metabolism,Energy Metabolism,Transition from aerobic to anaerobic growth; anaerobic reductase and hydrogenase activity,Fnr,1.0,4.231648711566906e-23,6.288512095302527e-19,0.16959064327485382,0.6304347826086957,0.09797297297297297,29.0,316.0,4,May include NarL,2.0,"[0, 1, 2]",and,,False,False,False,False,Fnr-1,0.826148256832212,0.6136694342200831,,,
Pyrimidine,0.017879276316678627,13,Regulatory,Metabolism,Nucleotide Metabolism,Pyrimidine transport and biosynthesis,PurR/UTP,2.0,5.24363631638485e-17,6.740170121081087e-12,0.3673469387755102,0.6923076923076923,0.25,9.0,36.0,4,,2.0,None,both,,False,False,False,False,UTP,0.9265092420378698,0.7029030311632352,PurR-2,0.7899195115991026,0.4543318063230314
Zinc-2,0.0008267540018734865,1,Regulatory,Stress Responses,Metal Homeostasis,Tolerance to high zinc concentration,ZraR,1.0,0.0007047216349541931,,0.5,1.0,0.3333333333333333,1.0,9.0,5,,,,,"[1, 2]",False,True,False,False,ZraR,0.7616052076298325,0.5517669956432684,,,
NRZ,0.00471413117284758,6,Regulatory,Metabolism,Energy Metabolism,Nitrate reduction under microaerobic condition; aerobic to anaerobic transition,OmpR,1.0,1.2184525168067592e-10,2.1879751844298974e-06,0.25641025641025644,0.8333333333333334,0.15151515151515152,5.0,50.0,4,,2.0,"[1, 2]",and,,False,False,False,False,OmpR,0.6732463051654409,0.5285744578121896,,,
nquinone ALE 3,0.001768028815978373,26,Genomic,ALE Effects,Energy Metabolism,ubiC KO and associated adaptive regulatory changes,,,,,,,,,,2,From nquinone project,,,,,False,False,False,False,NQ-ALE3,0.8015992304003446,0.7122725181363607,,,
RpoE,0.0018326937702909385,13,Regulatory,Stress Responses,Temperature Shock,Heat shock response; response to high temperature and/or misfolded membrane/periplasmic proteins,RpoE,1.0,3.068123960230279e-18,1.3673401241162262e-13,0.17391304347826086,0.9230769230769231,0.096,12.0,125.0,2,Genes in iM not directly implicated in RpoE main heat shock/protease activity,2.0,"[0, 1, 2]",and,,False,False,False,False,RpoE,0.8124757079991314,0.6982190668709496,,,
Cellulose,0.008280808853032062,95,Biological,Stress Responses,Extracellular Structures,Cellulose biosynthesis; biofilm formation; membrane/periplasmic proteins,,,,,,,,,,2,,,,,,False,False,False,False,Membrane-1,0.8726357990910644,0.7479747932744392,uncharacterized-6,0.698438733318332,0.5069301675658134
Phosphate-1,0.0008951019590812681,8,Regulatory,Metabolism,Phosphate Metabolism,"Inorganic phosphate sensing, transport, and production",PhoB,1.0,1.183345274597704e-16,2.125051444122557e-12,0.2909090909090909,1.0,0.1702127659574468,8.0,60.0,5,,2.0,"[1, 2]",and,,False,True,False,False,PhoB-1,0.810186476142121,0.5417810820882364,,,
Salicylic Acid,0.0010648013876597417,9,Biological,Stress Responses,Redox Stress,Salicylic acid efflux,,,,,,,,,,3,,,,,,False,False,False,False,ComR/MarR,0.8464499669261384,0.7311063975541963,,,
ymgI,0.0009229928906844265,4,Technical,Single Gene,Unknown,Unknown,,,,,,,,,,5,,,,,,True,False,False,False,SG_ymgI,0.7605505449269933,0.567980067320527,,,
Galactose,0.0015237527821455599,10,Regulatory,Metabolism,Carbon Metabolism,Galactose transport and catabolism,RpoS+GalR+GalS+Crp,4.0,2.3989970808488323e-20,3.4507564317324235e-13,0.8235294117647058,0.7,1.0,7.0,7.0,5,Specifically captures RpoS-co-regulated GalRS regulon,4.0,"[0, 1, 2]",and,,False,False,False,False,GalRS,0.6776476644366664,0.506108991592004,,,
trxC Del,0.0010618121528696012,3,Genomic,ALE Effects,Unknown,Unknown,,,,,,,,,,4,From ROS TALE isolate 25_111,,,,,False,False,False,False,SG_yfiF,0.7838268445608786,0.6928586833440891,,,
ArcA,0.012209681631102032,81,Regulatory,Metabolism,Energy Metabolism,Anaerobiosis; repression of aerobic growth genes during anaerobic growth,ArcA,1.0,1.5144332315421102e-18,1.044958929764056e-16,0.21176470588235294,0.3333333333333333,0.15517241379310345,27.0,229.0,3,,1.0,"[0, 1, 2]",and,,False,False,False,False,ArcA,0.8096416748947977,0.5712820646509271,ArcA-1,0.6319766619439803,0.31432451749498513
yceO,0.000626674170426722,1,Technical,Single Gene,Unknown,Unknown,,,,,,,,,,5,,,,,,True,False,False,False,,,,,,
Potassium,0.0007862495619258558,5,Regulatory,Stress Responses,Metal Homeostasis,Potassium sensing and transport,KdpE,1.0,7.782988997400152e-10,1.5565977994800304e-09,0.7499999999999999,0.6,1.0,3.0,3.0,5,,1.0,"[1, 2]",and,,False,True,False,False,KdpE,0.8387040011513224,0.6626601752350267,,,
ROS TALE Del-1,0.004317822519367187,14,Genomic,ALE Effects,Unknown,Unknown,,,,,,,,,,4,,,,,,False,False,False,False,ROS Del,0.9470330247644851,0.8595903649655545,,,
cyoB/kdpE/qseB KO,0.0014471153027728612,8,Genomic,Genetic Alterations,Energy Metabolism,cyoB/kdpE/qseF KO,,,,,,,,,,3,May also include modulation of cyoB complex outside context of eep project KOs,,,,,False,False,False,True,Cytochrome bo3,0.6817581661358777,0.4041950337906052,,,
Isc System,0.0017992544165329472,11,Regulatory,Metabolism,Cofactor Metabolism,Iron-sulfur cluster biogenesis and insertion,ryhB/IscR,2.0,1.7683402456505657e-13,4.916251912611158e-09,0.22222222222222224,0.7272727272727273,0.13114754098360656,8.0,88.0,5,,2.0,"[0, 1, 2]",both,,False,False,False,False,ryhB,0.8934887339941806,0.7593713033252918,iron-related,0.3533070611356951,
Thiamine-2,0.0022923918446863256,6,Biological,Metabolism,Cofactor Metabolism,Thiamine uptake and biosynthesis,,,,,,,,,,4,,,,,,False,False,False,False,ComR/FlhDC/SgrR,0.6585499547968495,0.530222056192428,,,
crp KO-1,0.004888264847324075,24,Genomic,Genetic Alterations,Carbon Metabolism,crp KO and compensatory regulatory changes,,,,,,,,,,2,,,,,,False,False,False,True,Crp-related,0.8795484187905203,0.7160641559084778,crp-KO,0.7173615050284533,0.44070708538193015
SSW SNPs,0.00243380477606725,89,Genomic,Genetic Alterations,ALE Effects,Unknown,,,,,,,,,,3,,,,,,False,False,False,False,ALE Muts,0.9043365975281376,0.6968778706126367,,,
yafF,0.00025560790557421775,1,Technical,Single Gene,Unknown,Unknown,,,,,,,,,,5,,,,,,True,False,False,False,SG_yafF,0.6235767913069664,0.37981418029073777,,,
NtrC-2,0.0031823700618902606,10,Regulatory,Metabolism,Nitrogen Metabolism,"Nitrogen assimilation, ammonium transport",NtrC+RpoN,2.0,7.506455180087322e-15,1.9903363769099764e-10,0.27118644067796605,0.8,0.16326530612244897,8.0,49.0,4,,2.0,"[0, 1, 2]",and,,False,True,False,False,NtrC-2,0.8276326960640519,0.5504117068609418,NtrC+RpoN,0.34183430036883916,
DNA Damage,0.002154694566566584,18,Regulatory,Stress Responses,DNA Damage,SOS response to DNA damage or inhibition of DNA replication,LexA,1.0,2.6131310277947306e-32,1.1644373172956099e-27,0.44736842105263147,0.9444444444444444,0.29310344827586204,17.0,58.0,5,,2.0,"[0, 1, 2]",and,,False,False,False,False,LexA,0.8908574530734367,0.7572661178232466,fur-KO,0.2867914151096921,
UC-3,0.007659900207952486,51,Unknown,Unknown,Unknown,Unknown,,,,,,,,,,1,,,,,,False,False,False,False,,,,Crp-1,0.31651848382146835,
YieP,0.0010663800980329485,10,Regulatory,Stress Responses,Envelope Stress,"Cellular membrane synthesis and stress response, 3-hydroxypropanoate tolerance",YieP,1.0,2.5495341476720956e-17,4.578963329219083e-13,0.7499999999999999,0.6,1.0,6.0,6.0,5,,2.0,"[1, 2]",and,,False,False,False,False,YieP,0.8888093125709252,0.6348288918975603,YieP,0.6489802447176914,0.3016647034736183
Nitrogen,0.0015505296315246886,32,Regulatory,Metabolism,Nitrogen Metabolism,Nitrogen metabolism under nitrogen limitation,Nac,1.0,6.023485553184276e-25,2.6859324430204004e-20,0.4827586206896552,0.4375,0.5384615384615384,14.0,519.0,5,,2.0,"[0, 1, 2]",and,,False,False,False,False,Nac,0.8969663325784561,0.7299500818086788,Nac,0.8276864572181267,0.5415736827750456
UC-6,0.0020332855180575926,11,Unknown,Unknown,Unknown,Unknown,,,,,,,,,,5,,,,,,False,False,False,False,,,,,,
Leu/Val/Ile,0.0020705618398104697,11,Regulatory,Metabolism,Amino Acid Metabolism,Branched-chain amino acid biosynthesis,Lrp+IHF+Ile-tRNA+Leu-tRNA+Val-tRNA+ppGpp,6.0,3.974893705163976e-14,,0.625,0.45454545454545453,1.0,5.0,5.0,5,,,,,None,False,False,False,False,Isoleucine,0.802475433692349,0.6490460390909258,Leu/Ile,0.5286455032586286,0.34107899037788614
NDH-1,0.0017138130045140088,12,Regulatory,Metabolism,Energy Metabolism,"NADH:ubiquinone oxidoreductase I: electron transfer from NADH to quinone pool, proton electrochemical gradient generation for aerobic and anaerobic respiration",NarL+ArcA+IHF+Fnr+Fis+ryhB,6.0,1.250631023353155e-22,,0.7199999999999999,0.75,0.6923076923076923,9.0,13.0,5,,,,,None,False,False,False,False,NDH-1,0.8258749713316327,0.6967078031809593,,,
Crp-1,0.010449583009634944,61,Regulatory,Metabolism,Carbon Metabolism,Miscellaneous carbon source metabolism,Crp,1.0,4.552660308126275e-06,,0.07253886010362695,0.3442622950819672,0.04054054054054054,21.0,543.0,3,Low enrichment due to large regulon,,,,"[0, 1, 2]",False,False,False,False,Crp-2,0.8924562425701579,0.7542073822473252,,,
yneP,0.0004089123933980199,6,Technical,Single Gene,Unknown,Unknown,,,,,,,,,,5,,,,,,True,False,False,False,,,,,,
NtrC-1,0.00517474555432218,18,Regulatory,Metabolism,Nitrogen Metabolism,"Nitrogen assimilation, ammonium transport",RpoN+RpoS+NtrC,3.0,1.5675383447644587e-27,2.327854530945104e-21,0.6857142857142857,0.6666666666666666,0.7058823529411765,12.0,17.0,5,,3.0,"[0, 1, 2]",and,,False,True,False,False,NtrC+RpoS,0.5877908572509867,0.35162898689467437,NtrC+RpoN,0.4447009853631561,
Ribose,0.0021421694670278324,5,Regulatory,Metabolism,Carbon Metabolism,Ribose transport and catabolism,dsrA+Crp+RbsR,3.0,5.162199617096073e-16,7.961484954660292e-10,0.9090909090909091,1.0,0.8333333333333334,5.0,6.0,5,,3.0,None,and,,False,False,False,False,RbsR+dsrA,0.79478239116916,0.6644908705437456,RbsR,0.5836237740498784,0.4466074595571809
Dipeptide,0.0036584076019571254,8,Regulatory,Metabolism,Amino Acid Metabolism,Dipeptide transport; flagellar biosynthesis,gcvB+IHF+Fnr,3.0,2.889132096142019e-14,2.2279062563471216e-07,0.7142857142857143,0.625,0.8333333333333334,5.0,6.0,2,,3.0,None,and,,False,False,False,False,Fnr+IHF+gcvB,0.7407504788523241,0.5964063151907965,iron-related,0.2752427707339083,
Curli-1,0.0038668913830923746,6,Regulatory,Stress Responses,Extracellular Structures,Curli secretion and assembly,RpoS+FliZ+CpxR+CsgD+BtsR,5.0,8.498447158906987e-19,,0.923076923076923,1.0,0.8571428571428571,6.0,7.0,5,,,,,None,False,False,False,False,Curli,0.8076063113812868,0.6324479825039929,curli,0.5875722729356594,0.36728482149723674
ymiB,0.00037812358159838855,1,Technical,Single Gene,Unknown,Unknown,,,,,,,,,,5,,,,,,True,False,False,False,,,,,,
yjjZ,0.002616624066216544,2,Technical,Single Gene,Unknown,Unknown,,,,,,,,,,4,,,,,,True,False,False,False,Fe-related-2,0.7929523417276462,0.6133613036313844,iron-related,0.3794045839970154,
Molybdenum,0.0007605502780119178,5,Regulatory,Stress Responses,Metal Homeostasis,Molybdenum transport and molybdoenzyme synthesis,Crp+FliA+ModE,3.0,7.782988997400152e-10,,0.7499999999999999,0.6,1.0,3.0,3.0,5,,,,,"[0, 1, 2]",False,False,False,False,Molybdenum,0.7983072870628751,0.6099016757719535,,,
e14 Del,0.002855517393244522,14,Genomic,ALE Effects,Unknown,Unknown,,,,,,,,,,5,,,,,,False,False,False,False,e14 Removal,0.9354076663549548,0.7179728804120908,e14-deletion,0.6681589676798485,
Thr/Ser-1,0.004083535961331819,16,Regulatory,Metabolism,Amino Acid Metabolism,Threonine/serine transport and catabolism during anaerobiosis,TdcA+TdcR+IHF+Fnr+Crp,5.0,2.2870438837425523e-18,,0.6086956521739131,0.4375,1.0,7.0,7.0,5,,,,,"[0, 1, 2]",False,False,False,False,TdcAR/CadC,0.8437456265261355,0.6791332484444111,,,
Tryptophan,0.0015520657370983182,8,Regulatory,Metabolism,Amino Acid Metabolism,Tryptophan transport and biosynthesis,TrpR+Trp-tRNA,2.0,4.8180529759563334e-15,6.193703461651386e-11,0.7692307692307693,0.625,1.0,5.0,5.0,5,,2.0,None,and,,False,False,False,False,Tryptophan,0.8923246567553267,0.7254580680626501,Tryptophan,0.6827011882795856,0.36296416858696795
FHL,0.0010700092076865175,7,Regulatory,Metabolism,Energy Metabolism,Formate hydrogenlyase: hydrogen production during glucose fermentation via formate oxidation/proton reduction,RpoN+NsrR+ModE+IHF+FhlA,5.0,7.134377418736341e-17,,0.75,0.8571428571428571,0.6666666666666666,6.0,9.0,5,,,,,"[0, 1, 2]",False,False,False,False,FhlA,0.7492301553606953,0.5729725968565124,ArcA-2,0.2938905086698773,
Glycine,0.0016625336133253565,5,Regulatory,Metabolism,Amino Acid Metabolism,Glycine cleavage system,PurR+Fnr+ppGpp+Crp+Lrp+GcvA,6.0,7.782988997400152e-10,,0.7499999999999999,0.6,1.0,3.0,3.0,5,,,,,"[0, 1, 2]",False,False,False,False,GcvA,0.8807350663596649,0.6938661333778682,GcvA,0.6246987076926749,0.36293687983089695
BW25113,0.0029903231929871987,26,Genomic,Genetic Alterations,Strain Difference,Accounts for genomic differences between BW25113 and MG1655 substrains,,,,,,,,,,5,,,,,,False,False,False,False,BW25113,0.9089591793091362,0.7059780496213908,BW25113,0.8309663565785259,0.4931925550084007
ypjJ,0.0003849885438514944,7,Technical,Single Gene,Unknown,Unknown,,,,,,,,,,5,,,,,,True,False,False,False,,,,,,
PaaX,0.0010506517261330561,9,Regulatory,Metabolism,Carbon Metabolism,Phenylacetic acid transport and catabolism,Crp+IHF+PaaX+SlyA,4.0,2.3710965611366067e-18,4.358019297553343e-11,0.7000000000000001,0.7777777777777778,0.6363636363636364,7.0,11.0,5,,4.0,"[0, 1, 2]",and,,False,False,False,False,PaaX,0.810740680213218,0.6886818516865442,,,
Flagella,0.0011778642609294732,4,Biological,Stress Responses,Extracellular Structures,Flagellar biosynthesis,,,,,,,,,,2,Partly minicoli-specific,,,,,False,False,False,False,Fnr+IHF+gcvB,0.2787600382908924,0.35500488218292786,,,
SCFA,0.00044845208755450727,4,Regulatory,Metabolism,Carbon Metabolism,Short-chain fatty acid (acetoacetate) transport and catabolism,RpoN+AtoC+IHF,3.0,0.0,0.0,1.0,1.0,1.0,4.0,4.0,5,,3.0,"[0, 1, 2]",and,,False,True,False,False,AtoC,0.7540787213666984,0.5072986993816305,AtoC,0.5767649864162435,0.33846027516367455
YgeV,0.0016177341446497184,13,Regulatory,Metabolism,Carbon Metabolism,Nucleoside degradation activated by ethanol treatment,YgeV,,,,,,,,,5,In the absence of CpxR activity as inferred from tcs cpxR KO,,,,,False,False,True,False,YgeV,0.8477730443795466,0.7289604234595518,,,
pts ALE,0.0025699941179464503,37,Genomic,ALE Effects,Energy Metabolism,ptsHIcrr KO and associated adaptive regulatory changes,,,,,,,,,,4,From cck_pts project,,,,,False,False,False,False,pts ALE,0.8368667152991683,0.73473985888834,,,
FDH-O,0.0015333421694059268,7,Regulatory,Metabolism,Energy Metabolism,Formate dehydrogenase O; formate to carbon dioxide oxidation; formate-nitrate electron transport during aerobic/anerobic shift,SdhX,1.0,5.436572513341737e-08,5.436572513341737e-07,0.4615384615384615,0.42857142857142855,0.5,3.0,6.0,4,,1.0,None,and,,False,False,False,False,FDH-O,0.7838743632391005,0.6509124755469414,,,
GlcNAc,0.001440827878161688,17,Regulatory,Metabolism,Carbon Metabolism,"Amino sugar transport, biosynthesis and catabolism",NagC+Crp,2.0,1.54627255502095e-17,3.4461003297474403e-13,0.45,0.5294117647058824,0.391304347826087,9.0,23.0,5,,2.0,"[0, 1, 2]",and,,False,False,False,False,NagC,0.9171640053375647,0.7297397716414615,NagC/TyrR,0.7640448762399175,0.4316977035503358
YgbI,0.000673002445767068,10,Regulatory,Metabolism,Carbon Metabolism,Tartrate transport and catabolism,YgbI,,,,,,,,,2,May be regulon discovery,,,,,False,False,True,False,YgbI,0.8838442018562045,0.7064200686162211,YgbI,0.8200284039687458,0.5713619222910159
Lysine/T2SS,0.0023349720523286877,27,Regulatory,Metabolism,Amino Acid Metabolism,Lysine transport and biosynthesis; type II secretion system,ArgP,1.0,5.98633217226699e-11,1.0754445747477647e-06,0.3,0.2222222222222222,0.46153846153846156,6.0,15.0,3,ArgP/arginine involvement may be due to secretion of the T2SS itself via twin-arginine translocation system,2.0,"[1, 2]",and,,False,False,False,False,ArgP,0.8554381835248948,0.6896750325623155,,,
Fnr-3,0.014970887570391778,33,Regulatory,Metabolism,Energy Metabolism,Anaerobic growth,Fnr,1.0,3.8523010588694945e-12,6.922585002788481e-08,0.1791044776119403,0.36363636363636365,0.1188118811881188,12.0,101.0,3,,2.0,"[1, 2]",and,,False,False,False,False,Anaero-related,0.9059098781141224,0.6559861479354488,Fnr,0.7038969843539206,0.28530733427763527
ythA,0.0004277535043072378,3,Technical,Single Gene,Unknown,Unknown,,,,,,,,,,5,,,,,,True,False,False,False,SG_ythA,0.6656914189153829,0.4237394831878353,,,
entC/ubiC KO-1,0.0005228347399867106,6,Genomic,Genetic Alterations,Energy Metabolism,entC/ubiC KO and compensatory sad up-regulation,,,,,,,,,,2,From efeU ALE 36-38,,,,,False,False,False,True,menF KO,0.7450089157347723,0.5518876361775408,entC-menF-KO,0.49960302886648933,
yoaI,0.00109494372081953,1,Technical,Single Gene,Unknown,Unknown,,,,,,,,,,5,,,,,,True,False,False,False,SG_yoaI,0.7902227759020546,0.4840046521216635,,,
Gluconate,0.000907095984266304,12,Regulatory,Metabolism,Carbon Metabolism,Gluconate transport and catabolism (Entner-Doudoroff),GntR+Crp,2.0,8.368353775997077e-21,1.8644692212921488e-16,0.7272727272727272,0.6666666666666666,0.8,8.0,10.0,5,,2.0,"[0, 1, 2]",and,,False,False,False,False,GntR,0.911611687115506,0.7133338770458583,GntR/TyrR,0.8162253326655144,0.48680628572571427
UC-9,0.0013455507887339957,10,Unknown,Unknown,Unknown,Unknown,,,,,,,,,,1,,,,,,False,False,False,False,ExuR/YdfH/RhaRS,0.7320000035132403,0.566368891988532,,,
Copper,0.010248137520790679,11,Regulatory,Stress Responses,Metal Homeostasis,Copper/silver sensing and export,CusR/CueR/HprR,3.0,5.584744844194745e-22,4.256089367802062e-16,0.7999999999999999,0.7272727272727273,0.8888888888888888,8.0,19.0,5,,3.0,"[1, 2]",both,,False,True,False,False,CueR/CusR/HprR,0.9852791730315636,0.7694207355269311,Copper,0.9057204483867727,0.2995519404285646
Thr/Ser-2,0.0009613941908135359,5,Regulatory,Metabolism,Amino Acid Metabolism,Threonine/serine transport and catabolism,Fnr+Crp+IHF+TdcA+TdcR,5.0,1.2799759987249999e-11,,0.6666666666666666,0.8,0.5714285714285714,4.0,7.0,5,,,,,"[0, 1, 2]",False,False,False,False,,,,,,
Membrane,0.00531058536584994,33,Biological,Stress Responses,Envelope Stress,"Membrane-related stress response regulators, transporters, multidrug resistance",,,,,,,,,,2,,,,,,False,False,False,False,Membrane-2,0.891330384300638,0.7140560489973725,membrane,0.7175367489127306,0.44918663334749476
Thiamine-1,0.009023547791481401,9,Regulatory,Metabolism,Cofactor Metabolism,Thiamine uptake and biosynthesis,Thiamine diphosphate,1.0,3.386819408257175e-24,2.1767088336868866e-19,0.9411764705882353,0.8888888888888888,1.0,8.0,8.0,5,,2.0,None,and,,False,False,False,False,Thiamine-1,0.9384618016402027,0.7340641142795844,Thiamine,0.8112504628151376,0.38305818955407167
Cold Shock,0.02149043119601801,15,Biological,Stress Responses,Temperature Shock,Cold shock proteins,,,,,,,,,,5,,,,,,False,False,False,False,,,,uncharacterized-3,0.3394825403750592,
FliA,0.02633344934238724,37,Regulatory,Stress Responses,Extracellular Structures,"Sigma 28; flagellum biosynthesis and export, motility",FliA,1.0,7.713828846573713e-61,3.4387477615140955e-56,0.6181818181818182,0.918918918918919,0.4657534246575342,34.0,73.0,5,,2.0,"[0, 1, 2]",and,,False,False,False,False,FliA,0.9788604929485138,0.728762529998462,FliA,0.9033814318190524,0.35297819253043233
Pyruvate-1,0.0023936054420790054,6,Regulatory,Metabolism,Carbon Metabolism,"Pyruvate sensing, transport, and catabolism under nutrient limitation",BtsR,1.0,7.037660414778776e-07,7.741426456256653e-06,0.28571428571428575,0.5,0.2,3.0,15.0,4,,1.0,None,and,,False,True,False,False,BtsR,0.9368596756835553,0.7224907441240888,Pyruvate,0.6670774956086936,0.2843146090853384
ldrD,0.0005414098251802502,4,Technical,Single Gene,Unknown,Unknown,,,,,,,,,,5,,,,,,True,False,False,False,sokB/rdlD,0.6196045189377108,0.4262323309905576,,,
efeU Activation,0.002352371205720738,9,Genomic,ALE Effects,Metal Homeostasis,efeU re-activation and associated efeU ALE-related expression changes,,,,,,,,,,5,From efeU project,,,,,False,False,False,False,Fe-related-3,0.8480584296591618,0.6608056425564286,efeU-repair,0.5918554104910289,0.3816907635250323
rcsB KO,0.0024658163371730213,8,Genomic,Genetic Alterations,Envelope Stress,rcsB KO and associated regulatory changes,,,,,,,,,,3,May involve GadX,,,,,False,False,False,True,GadEXW,0.6628014253611868,0.4753752426746398,GadWX,0.3956417122200039,
malE OE,0.0005595901907518019,3,Genomic,Genetic Alterations,Carbon Metabolism,Accounts for malE plasmid overexpression,,,,,,,,,,5,,,,,,False,False,False,False,malE OE,0.6823213171042166,0.5124925776494093,,,
Crp-2,0.008383649547044958,21,Regulatory,Metabolism,Carbon Metabolism,Carbohydrate transport and catabolism,Crp,1.0,4.2453763923475045e-10,3.1538901218749614e-06,0.05565862708719851,0.7142857142857143,0.02895752895752896,15.0,543.0,4,May include GatR/galactose,2.0,"[0, 1, 2]",and,,False,False,False,False,Crp-1,0.9304742451690231,0.7483563056178141,Crp-2,0.7797718501961929,0.4777300108262068
Cysteine-1,0.007073830770342737,32,Regulatory,Metabolism,Amino Acid Metabolism,"Cysteine biosynthesis, sulfate assimilation",CysB,1.0,3.168450027145713e-28,1.4123365996002017e-23,0.5079365079365079,0.5,0.5161290322580645,16.0,33.0,5,,2.0,"[0, 1, 2]",and,,False,False,False,False,CysB-1,0.9668397716970067,0.7508876033855043,CysB,0.839935534342085,0.40333257545150003
Pyruvate-2,0.0019167457799291743,1,Regulatory,Metabolism,Carbon Metabolism,Pyruvate sensing and transport,PyrR,1.0,0.0,0.0,1.0,1.0,1.0,1.0,1.0,4,"yhjX is putative pyruvate transporter, not confirmed",2.0,"[1, 2]",and,,False,True,False,False,PyrR,0.8891774015472478,0.7283616318031625,,,
Phosphate-2,0.0009951419487455038,20,Regulatory,Metabolism,Phosphate Metabolism,"Inorganic phosphate sensing, transport, and production",PhoB,1.0,2.697730577408132e-35,4.844584570909524e-31,0.5373134328358209,0.9,0.3829787234042553,18.0,60.0,5,,2.0,"[1, 2]",and,,False,True,False,False,PhoB-2,0.8397410335358574,0.6182775256704278,,,
Leucine,0.002796459502532711,5,Regulatory,Metabolism,Amino Acid Metabolism,Leucine biosynthesis,LeuO+Leu-tRNA+ppGpp,3.0,3.6591391619182657e-13,4.030975133476574e-07,0.888888888888889,0.8,1.0,4.0,4.0,5,,3.0,None,and,,False,False,False,False,Leucine,0.7751336104321771,0.6484357420505797,Leu/Ile,0.3570142921232967,
Capsule,0.0052519686749724626,38,Regulatory,Stress Responses,Extracellular Structures,Colanic acid capsule synthesis and transport; periplasmic proteins; envelope stress response,RcsAB,1.0,6.851572093306725e-18,1.5268043252724705e-13,0.37037037037037035,0.2631578947368421,0.625,10.0,16.0,4,,2.0,"[0, 1, 2]",and,,False,False,False,False,RcsAB,0.9817697175442782,0.7765037784699461,RcsAB,0.8541053371941781,0.30123197362472065
ytiC,0.0018282133653715338,2,Technical,Single Gene,Unknown,Unknown,,,,,,,,,,5,,,,,,True,False,False,False,SG_ytiC,0.8096127982901751,0.6152788940011165,,,
ROS TALE Del-2,0.003174213999740605,9,Genomic,ALE Effects,Unknown,Unknown,,,,,,,,,,4,,,,,,False,False,False,False,Spermidine,0.9414093438097588,0.8047886960989586,,,
UC-5,0.001865643160123276,15,Unknown,Unknown,Unknown,Unknown,,,,,,,,,,1,,,,,,False,False,False,False,AscG,0.7082513214661127,0.602370751037208,,,
FlhDC-1,0.005938890759386917,32,Regulatory,Stress Responses,Extracellular Structures,Flagellum biosynthesis and export,FlhDC,1.0,9.53144778292519e-44,1.7123245942025102e-39,0.6478873239436619,0.71875,0.5897435897435898,23.0,81.0,5,,2.0,"[1, 2]",and,,False,False,False,False,FlhDC-1,0.7548683055095398,0.6057755406492251,,,
Putrescine,0.01137109368484357,8,Regulatory,Metabolism,Nitrogen Metabolism,Putrescine transport and catabolism,RpoS+ArcA+PuuR,3.0,0.0,0.0,1.0,1.0,1.0,8.0,8.0,5,,3.0,"[0, 1, 2]",and,,False,False,False,False,PuuR,0.904305891905724,0.6397595223389276,PuuR,0.6804248684416303,0.33995968684669303
ppGpp,0.02326069329749636,70,Regulatory,Stress Responses,Global Stress,Stringent response,ppGpp,1.0,4.2935525113560425e-42,7.713796441902266e-38,0.1549636803874092,0.9142857142857143,0.08465608465608465,64.0,904.0,5,,2.0,"[1, 2]",and,,False,False,False,False,ppGpp,0.9030688939016381,0.8123462174650868,uncharacterized-5,0.6865271906373108,0.5655982507848244
Glycolate,0.005886539794173529,6,Regulatory,Metabolism,Carbon Metabolism,Glycolate/glyoxylate tranport and catabolism,IHF+ArcA+PdhR+GlcC,4.0,0.0,0.0,1.0,1.0,1.0,6.0,6.0,5,,4.0,"[0, 1, 2]",and,,False,False,False,False,GlcC,0.8627142880892615,0.6346187567527127,GlcC,0.7371272009337043,0.41293890558260143
PAL 26 Del,0.0014386774606234276,43,Genomic,ALE Effects,Unknown,Unknown,,,,,,,,,,5,,,,,,False,False,False,False,PAL Del-1,0.9477561030739795,0.7813174583514223,deletion-1,0.8918109318060679,0.6125392802620563
LPS,0.005923557064073659,43,Biological,Stress Responses,Extracellular Structures,Lipopolysaccharide biosynthesis and export,,,,,,,,,,5,,,,,,False,False,False,False,LPS,0.8983505778427524,0.7472074323520717,lipopolysaccharide,0.6743589057561814,0.35509965612258865
Arginine,0.0075726204463577584,24,Regulatory,Metabolism,Amino Acid Metabolism,Arginine transport and biosynthesis,ArgR,1.0,1.1084737594785844e-40,1.9910405667754334e-36,0.6557377049180328,0.8333333333333334,0.5405405405405406,20.0,61.0,5,,2.0,"[1, 2]",and,,False,False,False,False,ArgR,0.960928752449048,0.7495938979806481,ArgR,0.7915449101812421,0.3657744314657708
Nickel/Cobalt,0.0012995110204339078,2,Regulatory,Stress Responses,Metal Homeostasis,Nickel and cobalt resistance via efflux,RcnR,1.0,3.3116618183937644e-07,3.3116618183937644e-07,0.8,1.0,0.6666666666666666,2.0,3.0,5,,1.0,"[1, 2]",and,,False,False,False,False,RcnR,0.6924310224211984,0.551461583541985,,,
IS5,0.0027587036419692845,9,Technical,Unknown,Unknown,IS5 transcripts,,,,,,,,,,3,,,,,,False,False,False,False,,,,Crp-1,0.2725919996722625,
NtrC-3,0.002637654175935533,20,Regulatory,Metabolism,Nitrogen Metabolism,"Nitrogen assimilation, pyrimidine transport and catabolism",NtrC+RpoN,2.0,3.466967033699932e-24,1.0715993571430675e-19,0.40579710144927533,0.7,0.2857142857142857,14.0,49.0,4,May also account for nac KO,2.0,"[0, 1, 2]",and,,False,True,False,False,NtrC-3,0.8655889426386776,0.5950306324344949,NtrC+RpoN,0.7518573940300478,0.3393009215845154
arcA/luxS KO,0.0002828154638168101,2,Genomic,Genetic Alterations,Energy Metabolism,arcA KO,,,,,,,,,,5,From DDB3 project,,,,,False,False,False,True,,,,,,
sdh KO,0.0029264852749815162,5,Genomic,Genetic Alterations,Carbon Metabolism,sdh KO,,,,,,,,,,4,May also account for gnd KO,,,,,False,False,False,True,sdh KO,0.940902825154078,0.7541006577642352,,,
YmfT,0.0010120029153843912,15,Regulatory,Stress Responses,DNA Damage,e14 prophage regulator activated by DNA damage,YmfT,,,,,,,,,3,,,,,,False,False,True,False,YmfT,0.8691590600048807,0.6149618846533065,fur-KO,0.4729890949954008,
Fnr-2,0.009538796285419537,62,Regulatory,Metabolism,Energy Metabolism,Transition from aerobic to anaerobic growth; global control of anaerobiosis,Fnr,1.0,2.3573942573798837e-09,1.1079753009685454e-07,0.11173184357541899,0.3225806451612903,0.06756756756756757,20.0,316.0,4,,1.0,"[0, 1, 2]",and,,False,False,False,False,Fnr-2,0.8295081669894084,0.6529113555881447,Fnr,0.31399901715477524,
Microaerobic,0.002636430830887271,6,Regulatory,Metabolism,Energy Metabolism,Hydrogenase 1 and cytochrome bd-II ubiquinol oxidase: microaerobic respiratory chain between hydrogen and oxygen,RpoS+Fis+NarP+NarL+AppY+YdeO+ArcA+IscR,8.0,0.0,,1.0,1.0,1.0,6.0,6.0,5,,,,,"[0, 1, 2]",False,False,False,False,Hydrogenase 1,0.6844413412443823,0.5591749885978566,ArcA-2,0.3890934268642415,
Cysteine-2,0.0009643063423739884,9,Regulatory,Metabolism,Amino Acid Metabolism,"Cysteine biosynthesis, sulfate assimilation",CysB,1.0,1.8738454378975628e-14,4.1746465588200855e-10,0.35000000000000003,0.7777777777777778,0.22580645161290322,7.0,33.0,5,,2.0,"[0, 1, 2]",and,,False,False,False,False,CysB-2,0.7348537348025875,0.593726040992797,,,
ydfW,0.00028765252251961027,3,Technical,Single Gene,Unknown,Unknown,,,,,,,,,,5,,,,,,True,False,False,False,SG_ydfW,0.6687186460074537,0.4192693672221646,,,
YcjW,0.0005891164112311609,17,Regulatory,Metabolism,Carbon Metabolism,Carbohydrate transport and catabolism,YcjW,1.0,1.461691164035781e-18,9.394142942141562e-14,0.26666666666666666,0.7058823529411765,0.1643835616438356,12.0,73.0,3,,2.0,None,and,,False,False,False,False,YcjW,0.9418782402962612,0.7405687953492388,,,
PAL Amp,0.0010029996185940693,88,Genomic,ALE Effects,Unknown,Unknown,,,,,,,,,,5,"Also present in ETS, ROS TALE projects",,,,,False,False,False,False,PAL Dup,0.8819130954959218,0.715909995689473,duplication-1,0.7778814807708113,0.5303671577894218
Propionate,0.004215411378844847,4,Regulatory,Metabolism,Carbon Metabolism,Propionate catabolism; 2-methylcitric acid cycle,PrpR+RpoN+Cra+Crp,4.0,0.0,,1.0,1.0,1.0,4.0,4.0,5,,,,,"[0, 1, 2]",False,False,False,False,PrpR+Cra,0.8879868704572873,0.7099210143255829,PrpR,0.7479152090934155,0.45511210232806415
CP4-44,0.0014264960630087087,4,Biological,Unknown,Prophage,CP4-44 prophage expression variation,,,,,,,,,,5,,,,,,False,False,False,False,CP4-44,0.9461529762755643,0.6531087144223245,flu-yeeRS,0.7439311310500326,0.28858620960863046
minicoli KOs,0.04662609402643059,115,Genomic,Genetic Alterations,Genome Reduction,Deletions from minicoli strain,,,,,,,,,,4,From minicoli project,,,,,False,False,False,True,,,,,,
GadXW,0.018103436561898834,19,Regulatory,Stress Responses,Envelope Stress,Glutamate-dependent acid resistance system; multidrug efflux,GadX+GadW,2.0,2.85523988974489e-26,2.1200760540465805e-20,0.6875,0.5789473684210527,0.8461538461538461,11.0,13.0,4,,3.0,"[0, 1, 2]",and,,False,False,False,False,GadX,0.9535188413363331,0.6769534044591324,GadEWX,0.8742882271331411,0.2835239703193492
Rhamnose,0.004996996171872992,8,Regulatory,Metabolism,Carbon Metabolism,Rhamnose transport and catabolism,Crp+RhaS,2.0,3.399378863562795e-18,5.049437363936176e-14,0.8571428571428571,0.75,1.0,6.0,6.0,5,,2.0,"[0, 1, 2]",and,,False,False,False,False,RhaS,0.9596306074036273,0.735896041674875,,,
UC-2,0.01769458311376737,96,Unknown,Unknown,Unknown,Unknown,,,,,,,,,,1,,,,,,False,False,False,False,Envelope Stress,0.8933776692975526,0.7708056905699318,uncharacterized-2,0.6441315389913205,0.42220272910231815
ydfB,0.0004215509568046283,1,Technical,Single Gene,Unknown,Unknown,,,,,,,,,,5,,,,,,True,False,False,False,,,,,,
NrdR,0.003655733530776195,7,Regulatory,Metabolism,Nucleotide Metabolism,Ribonucleoside reduction,NrdR,1.0,7.134377418736341e-17,1.2812628406308594e-12,0.75,0.8571428571428571,0.6666666666666666,6.0,9.0,5,,2.0,"[1, 2]",and,,False,False,False,False,NrdR,0.8048965334405253,0.6465736455369171,,,
Purine,0.008968325326139226,22,Regulatory,Metabolism,Nucleotide Metabolism,Purine transport and biosynthesis,PurR+ppGpp,2.0,2.5599256015497525e-24,3.8026841502487724e-20,0.5581395348837208,0.5454545454545454,0.5714285714285714,12.0,21.0,5,,2.0,"[0, 1, 2]",and,,False,False,False,False,PurR,0.9413399895020129,0.769612464766208,PurR-1,0.8134863866225701,0.4734119696522674
cyoB/ndh/nuoB KO-1,0.0006249431938155636,3,Genomic,Genetic Alterations,Energy Metabolism,NDH-1 (nuoB) KO and compensatory NDH-2 (ndh) up-regulation,,,,,,,,,,4,,,,,,False,False,False,True,,,,,,
Fimbriae,0.0044073579280210495,8,Regulatory,Stress Responses,Extracellular Structures,Type 1 (mannose-sensitive) pili/fimbriae biosynthesis and secretion,QseB+IHF+Lrp+H-NS,4.0,1.599331387232555e-21,5.879066388929466e-14,0.9333333333333333,0.875,1.0,7.0,7.0,5,,4.0,"[0, 1, 2]",and,,False,False,False,False,Fimbriae,0.9504820934272887,0.7316132694281686,fimbriae,0.789216341073972,0.3794424840871765
IS Elements-1,0.004092373851513287,24,Biological,Unknown,Unknown,Unknown,,,,,,,,,,1,,,,,,False,False,False,False,Single Reads,,0.3875623161668011,insertion,0.2624180764990668,
Cra,0.003954744757509898,17,Regulatory,Metabolism,Carbon Metabolism,Central carbon metabolism; glycolytic flux-dependent regulation via fructose sensing,Cra,1.0,2.0844265959048027e-20,9.289455567309344e-16,0.2736842105263158,0.7647058823529411,0.16666666666666666,13.0,78.0,5,,2.0,"[0, 1, 2]",and,,False,False,False,False,Cra,0.9494466245236156,0.7356987178129366,Cra,0.8737530497837236,0.43961176291056103
Hot TALE 16,0.0007551432881904852,17,Genomic,ALE Effects,Unknown,Regulatory changes under high temperature,,,,,,,,,,2,From hot_tale project,,,,,False,False,False,False,Hot TALE Mut-2,0.5504885959776057,0.3610344835635435,,,
Suf System,0.002803730426814144,6,Regulatory,Stress Responses,Metal Homeostasis,Iron-sulfur cluster biosynthesis and insertion,NsrR+IHF+IscR+OxyR+Fur+ppGpp,6.0,0.0,,1.0,1.0,1.0,6.0,6.0,5,,,,,None,False,False,False,False,Suf System,0.8018746303729551,0.6771640777252439,,,
PlaR,0.0005738877582043278,10,Regulatory,Metabolism,Carbon Metabolism,Plant-derived sugars transport and catabolism,PlaR+RpoE+Crp+IHF,4.0,7.97086233997923e-27,1.7580307338872323e-19,0.9473684210526316,0.9,1.0,9.0,9.0,5,,4.0,"[0, 1, 2]",and,,False,False,False,False,PlaR,0.9170408243838591,0.7050339715454317,YiaJ,0.8541389154708887,0.5257413675420678
NO Stress,0.0008460152620453076,11,Regulatory,Stress Responses,Redox Stress,"Nitric oxide sensing and detoxification, iron-sulfur cluster repair, anaerobic growth",NsrR/NarP,2.0,4.371071589484027e-13,7.031357085733254e-08,0.13740458015267176,0.8181818181818182,0.075,9.0,120.0,4,NarL likely involved; may partially account for TCS btsR KO,3.0,"[0, 1, 2]",or,,False,True,False,False,NsrR,0.8324109631814401,0.6778243331766005,nitrate-related,0.5380360340540504,0.28766655412851555
Maltose,0.007072464093193731,9,Regulatory,Metabolism,Carbon Metabolism,Maltose transport and catabolism,MalT,1.0,3.386819408257175e-24,6.082050293348235e-20,0.9411764705882353,0.8888888888888888,1.0,8.0,10.0,5,,2.0,"[1, 2]",and,,False,False,False,False,MalT,0.8873934443627509,0.6577890262910687,MalT,0.7679834234620393,0.3269548068842324
Tyr/Trp/Phe,0.0017713137524119071,12,Regulatory,Metabolism,Amino Acid Metabolism,Aromatic amino acid biosynthesis and transport,TyrR/TrpR/Trp-tRNA,3.0,4.400278103294227e-27,3.393198994585872e-20,0.7096774193548387,0.9166666666666666,0.5789473684210527,11.0,19.0,5,,3.0,None,both,,False,False,False,False,TyrR,0.8856731322973331,0.6736769072111242,Tryptophan,0.34047247241372114,
GadX,0.002068627130421108,9,Regulatory,Stress Responses,Envelope Stress,Glutamate-dependent acid resistance system; multidrug efflux,RpoS+GadX,2.0,8.117359118438032e-14,1.8091970003174686e-09,0.4800000000000001,0.6666666666666666,0.375,6.0,16.0,3,,2.0,"[0, 1, 2]",and,,False,False,False,False,GadE+FliZ,0.6765595631686593,0.5320250357580372,GadWX,0.28623767631362684,
Fatty Acid,0.0026795974164881553,7,Regulatory,Metabolism,Carbon Metabolism,Fatty acid degradation and biosynthesis,FadR,1.0,3.4094546513023603e-17,7.596094490369093e-13,0.4827586206896552,1.0,0.3181818181818182,7.0,22.0,5,,2.0,"[0, 1, 2]",and,,False,False,False,False,FadR,0.6248993255110157,0.4473863352546389,FadR/IclR,0.46602368679289646,
DhaR,0.0016691607085843607,13,Regulatory,Metabolism,Carbon Metabolism,Dihydroxyacetone transport and catabolism; phosphotransferase activity for DhaM phosphorylation,DhaR,1.0,8.888041706021142e-08,5.332825023612685e-07,0.3529411764705882,0.23076923076923078,0.75,3.0,4.0,5,,1.0,"[0, 1, 2]",and,,False,False,False,False,Mlc,0.822840401864413,0.6318492340391276,DhaR/Mlc,0.605941080947276,0.31524290012310613
pts KO,0.0009264405588177427,13,Genomic,Genetic Alterations,Carbon Metabolism,ptsHI/crr KO and compensatory regulatory changes,,,,,,,,,,2,,,,,,False,False,False,True,pts KO,0.7580484690945727,0.5538369188115166,DhaR/Mlc,0.30540009431845266,
gcvB,0.005553562871672635,76,Regulatory,Metabolism,Amino Acid Metabolism,Amino acid transport,gcvB,1.0,4.057538706627017e-13,1.808647878478993e-08,0.21052631578947367,0.18421052631578946,0.24561403508771928,14.0,79.0,3,,2.0,"[0, 1, 2]",and,,False,False,False,False,,,,,,
Glutarate,0.00317028337223213,5,Regulatory,Metabolism,Carbon Metabolism,Glutarate/aminobutyrate transport and catabolism,RpoS+H-NS+Crp+Lrp+GlaR+ppGpp,6.0,0.0,,1.0,1.0,1.0,5.0,5.0,4,,,,,None,False,False,False,False,,,,,,
entC/ubiC KO-2,0.0007308965174548376,5,Genomic,Genetic Alterations,Energy Metabolism,entC/ubiC KO and compensatory sad up-regulation,,,,,,,,,,2,From efeU ALE 36-38,,,,,False,False,False,True,entC ALE,0.7198935357828243,0.560314374232929,YneJ,0.41679551464602066,
Oxidoreductase,0.0006885227037741748,5,Biological,Stress Responses,Redox Stress,Putative oxidoreductase components,,,,,,,,,,2,,,,,,False,False,False,False,Fe-related-1,0.6355899685157133,0.5256156675840344,,,
UC-7,0.012555445465156745,32,Unknown,Unknown,Unknown,Unknown,,,,,,,,,,1,,,,,,False,False,False,False,,,,,,
Efflux Pump,0.0019208357521413033,2,Biological,Stress Responses,Resistance,Multidrug/spermidine efflux pump,,,,,,,,,,5,,,,,,False,False,False,False,,,,,,
Tryptophanase,0.00324834634912774,2,Regulatory,Metabolism,Amino Acid Metabolism,Tryptophan import and catabolism via tryptophanase; indole/pyruvate biosynthesis,Crp+TorR+Nac+L-tryptophan,4.0,0.0,,1.0,1.0,1.0,2.0,2.0,5,,,,,None,False,False,False,False,,,,Crp-1,0.32183839498703604,
crp KO-2,0.0006036042182727686,6,Genomic,Genetic Alterations,Carbon Metabolism,crp KO and associated glycerol-3-phosphate (GlpR) regulatory changes,,,,,,,,,,3,,,,,,False,False,False,True,GlpR-2,0.7844465603559675,0.6671717623160737,,,
cyoB/ndh/nuoB KO-2,0.0010265287046586913,9,Genomic,Genetic Alterations,Energy Metabolism,cyoB/ndh/nuoB KOs,,,,,,,,,,5,From eep project,,,,,False,False,False,True,ubiC,0.5220158406902833,0.3202384272111573,,,
tpiA KO,0.0005477001860416664,10,Genomic,Genetic Alterations,Carbon Metabolism,tpiA KO and compensatory evolved regulatory changes,,,,,,,,,,4,,,,,,False,False,False,True,tpiA ALE,0.6848232971816659,0.5366157126437531,,,
Phage Shock,0.0036314257008215334,6,Regulatory,Stress Responses,Phage Shock,Phage shock response; response to filamentous phage infection and/or extracytoplasmic shock,RpoN+IHF+PspF,3.0,3.0967127383177215e-15,4.598729898060396e-09,0.8333333333333334,0.8333333333333334,0.8333333333333334,5.0,6.0,5,,3.0,"[0, 1, 2]",and,,False,False,False,False,PspF,0.696460213163374,0.5956625058973675,,,
Glyoxylate,0.0020848833793986055,3,Regulatory,Metabolism,Energy Metabolism,Glyxoylate cycle; alternate to TCA cycle,Crp+ArcA+ppGpp+Cra+IclR+IHF,6.0,0.0,,1.0,1.0,1.0,3.0,3.0,5,,,,,"[0, 1, 2]",False,False,False,False,Glyoxylate,0.6742544971254045,0.5599242580735024,,,
CCK-PGI Del,0.0007447751672728931,15,Genomic,ALE Effects,Unknown,Unknown,,,,,,,,,,5,,,,,,False,False,False,False,CCK-PGI Del,0.7908217543977791,0.6850991963164886,,,
Acetate,0.006190738163378229,7,Biological,Metabolism,Carbon Metabolism,Acetate uptake and catabolism; aldehyde catabolism; acetate/ethanol detoxification at stationary phase,,,,,,,,,,2,,,,,,False,False,False,False,,,,Crp-1,0.32376773891754734,
Ile/Val,0.0010815895254098207,4,Biological,Metabolism,Amino Acid Metabolism,Isoleucine and valine biosynthesis,,,,,,,,,,4,,,,,,False,False,False,False,AHAS I,0.6512894761871293,0.5101841458894367,,,
UC-8,0.008395552837104914,9,Unknown,Unknown,Unknown,Unknown,,,,,,,,,,1,,,,,,False,False,False,False,,,,,,
