,exp_var,imodulon_size,PRECISE 2.0,PRECISE 2.0_pearson,PRECISE-1K,PRECISE-1K_pearson,PRECISE 2.0_spearman,PRECISE-1K_spearman,PRECISE,PRECISE_pearson,PRECISE_spearman,enrichment_category,system_category,functional_category,function,confidence,note,single_gene_dominant_technical,tcs,regulon_discovery,ko,regulator,pvalue,qvalue,precision,recall,f1score,TP,regulon_size,n_regs,trn_enrich_max_regs,trn_enrich_evidence,trn_enrich_method,compute_regulon_evidence
Phage Shock,0.0037058269975644986,8,PspF,0.48467086932191683,Phage Shock,0.47025540435937435,,,,,,Regulatory,Stress Responses,Phage Shock,Phage shock response; response to filamentous phage infection and/or extracytoplasmic shock,5,,False,False,False,False,RpoN+IHF+PspF,3.399378863562795e-18,5.0481988569035504e-12,0.75,1.0,0.8571428571428571,6.0,6.0,3.0,3.0,"[0, 1, 2]",and,
Magnesium,0.0016015147654893092,43,PhoP,0.6740750022348092,Magnesium,0.713886396075214,0.3069136112635532,0.35371710725264377,,,,Regulatory,Stress Responses,Metal Homeostasis,Magnesium sensing and transport; magnesium-limitation response,5,,False,True,False,False,PhoP,4.4110449434919885e-18,7.925765554466405e-14,0.2558139534883721,0.55,0.34920634920634924,11.0,20.0,1.0,2.0,"[1, 2]",and,
Tyr/Trp/Phe,0.001687875075296441,10,TyrR,0.7185488953200961,Tyr/Trp/Phe,0.7522044326571998,0.25380253568309336,0.36694575162326554,,,,Regulatory,Metabolism,Amino Acid Metabolism,Aromatic amino acid biosynthesis and transport,5,,False,False,False,False,TyrR,4.382116670765277e-25,1.573749559971934e-20,0.9,0.8181818181818182,0.8571428571428572,9.0,11.0,1.0,2.0,"[1, 2]",both,
Maltose,0.004767943552315801,13,MalT,0.8017039240297253,Maltose,0.840776446420213,,0.2654129101097598,MalT,0.7374398437445592,,Regulatory,Metabolism,Carbon Metabolism,Maltose transport and catabolism,5,,False,False,False,False,MalT,4.843151753807759e-22,8.697816234663353e-18,0.6153846153846154,1.0,0.761904761904762,8.0,8.0,1.0,2.0,"[1, 2]",and,
UC-1,0.004838819957803664,17,UC-1,0.6191580205378008,UC-1,0.614242469620148,0.44297662972646895,0.46829753420996745,,,,Unknown,Unknown,Unknown,Unknown,1,,False,False,False,False,,,,,,,,,,,,,
Microaerobic,0.004146281848471323,11,Hydrogenase 1,0.5263740319177174,Microaerobic,0.5141210627088864,,0.2526481720063547,ArcA-2,0.36092275895130926,,Regulatory,Metabolism,Energy Metabolism,Hydrogenase 1 and cytochrome bd-II ubiquinol oxidase: microaerobic respiratory chain between hydrogen and oxygen,5,,False,False,False,False,RpoS+Fis+NarP+NarL+AppY+YdeO+ArcA+IscR,5.60897512487861e-17,,0.5454545454545454,1.0,0.7058823529411764,6.0,6.0,8.0,,,,"[0, 1, 2]"
Cysteine-1,0.010845671102440502,28,CysB-1,0.917745851108969,Cysteine-1,0.9181908379478982,0.30430651027608036,0.36377302265118444,CysB,0.7939528891437935,,Regulatory,Metabolism,Amino Acid Metabolism,"Cysteine biosynthesis, sulfate assimilation",5,,False,False,False,False,CysB,1.6252029090203482e-29,7.243691885794595e-25,0.5714285714285714,0.5161290322580645,0.5423728813559322,16.0,31.0,1.0,2.0,"[0, 1, 2]",and,
Curli,0.0029108608369491362,7,Curli,0.6369492915566138,Curli-1,0.7566656568705629,0.3008959695837088,0.4523091521617372,curli,0.4925948013881358,,Regulatory,Stress Responses,Extracellular Structures,Curli secretion and assembly,5,,False,False,False,False,RpoS+FliZ+CpxR+CsgD+BtsR,5.9477135126944675e-18,,0.8571428571428571,0.8571428571428571,0.8571428571428571,6.0,7.0,5.0,,,,None
Xylose,0.0014903195564003324,15,XylR,0.7999810451903718,Xylose,0.8244089317945115,0.3948085407476593,0.468070359031279,XylR,0.7851623027212821,0.3450834213219962,Regulatory,Metabolism,Carbon Metabolism,d-Xylose transport and catabolism,5,,False,False,False,False,Crp+XylR,1.0274746445703161e-17,2.289778619157178e-13,0.4666666666666667,0.875,0.608695652173913,7.0,8.0,2.0,2.0,"[0, 1, 2]",and,
cydB/appC KO,0.0009817332250797728,7,,,cydB/appC KO,0.5834542429831168,,0.4014637205826963,,,,Genomic,Genetic Alterations,Energy Metabolism,cydB/appC KO and compensatory regulatory changes,4,From eep project,False,False,False,True,,,,,,,,,,,,,
Glycolate,0.0025346353662774046,6,GlcC,0.729525910135638,Glycolate,0.7556040305649578,,0.3164932694849166,GlcC,0.6531804723693562,,Regulatory,Metabolism,Carbon Metabolism,Glycolate/glyoxylate tranport and catabolism,5,,False,False,False,False,IHF+ArcA+PdhR+GlcC,0.0,0.0,1.0,1.0,1.0,6.0,6.0,4.0,4.0,"[0, 1, 2]",and,
Lysine/T2SS,0.005894976051073808,22,ArgP,0.6680405043040358,Lysine/T2SS,0.6736081833206289,0.2830352645539703,0.3110426696957674,,,,Regulatory,Metabolism,Amino Acid Metabolism,Lysine transport and biosynthesis; type II secretion system,3,ArgP/arginine involvement may be due to secretion of the T2SS itself via twin-arginine translocation system,False,False,False,False,ArgP,1.519657609875149e-11,1.364956465189859e-07,0.2727272727272727,0.46153846153846156,0.3428571428571428,6.0,13.0,1.0,2.0,"[1, 2]",and,
ykgR,0.0010730360568942388,1,SG_ykgR,0.552256255506318,ykgR,0.570620489893296,,,,,,Technical,Single Gene,Unknown,Unknown,5,,True,False,False,False,,,,,,,,,,,,,
Thiamine,0.01314891016554709,12,Thiamine-1,0.837346129940998,Thiamine-1,0.8476171088464126,,0.28632144103223667,Thiamine,0.7865248889278289,,Regulatory,Metabolism,Cofactor Metabolism,Thiamine uptake and biosynthesis,5,,False,False,False,False,Thiamine diphosphate,1.8627506745414466e-22,1.1972084860345332e-17,0.6666666666666666,1.0,0.8,8.0,8.0,1.0,2.0,None,and,
Cra,0.0023836532100935948,11,Cra,0.8050893522405885,Cra,0.8210610467904014,0.2977522553289093,0.3482377882468891,Cra,0.7521545203941452,,Regulatory,Metabolism,Carbon Metabolism,Central carbon metabolism; glycolytic flux-dependent regulation via fructose sensing,5,,False,False,False,False,Cra,2.5593828836166683e-17,1.1406145759126043e-12,0.9090909090909091,0.1282051282051282,0.22471910112359544,10.0,78.0,1.0,2.0,"[0, 1, 2]",and,
Methionine,0.008949284847831751,17,MetJ,0.8712570600069367,Methionine,0.8665980679326096,0.2809452418554578,0.3217179668063683,MetJ,0.7706500039044404,,Regulatory,Metabolism,Amino Acid Metabolism,Methionine transport and biosynthesis,5,,False,False,False,False,MetJ,8.167549653861193e-26,3.639868503243241e-21,0.6470588235294118,0.7333333333333333,0.6875,11.0,15.0,1.0,2.0,"[0, 1, 2]",and,
ytiC,0.0010729101161760513,2,SG_ytiC,0.5574993489576187,ytiC,0.5867632253460499,,,,,,Technical,Single Gene,Unknown,Unknown,5,,True,False,False,False,,,,,,,,,,,,,
FucR/AllR/AraC,0.0016439170629611866,24,FucR/ExuR,0.6382930108704566,FucR/AllR/AraC,0.5951361402307133,0.3022543054635907,,ExuR/FucR,0.5893198367572482,,Regulatory,Metabolism,Nitrogen Metabolism,Allantoin/glycolate/glyoxylate/arabinose/fucose transport and catabolism,5,,False,False,False,False,FucR/AllR/AraC,3.236473237813509e-40,2.8837688573030685e-33,0.7916666666666666,0.6333333333333333,0.7037037037037038,19.0,30.0,3.0,3.0,"[0, 1, 2]",both,
DNA Damage,0.0026422713211129434,26,LexA,0.7208193597509994,DNA Damage,0.7178778085439843,0.28681118394386784,0.3367430474072705,fur-KO,0.2848442562641175,,Regulatory,Stress Responses,DNA Damage,SOS response to DNA damage or inhibition of DNA replication,5,,False,False,False,False,LexA,2.167143554011653e-45,9.657875248452932e-41,0.9230769230769231,0.41379310344827586,0.5714285714285715,24.0,58.0,1.0,2.0,"[0, 1, 2]",and,
Molybdenum,0.0007737323244447758,10,Molybdenum,0.626622238160806,Molybdenum,0.6249174536276763,,,,,,Regulatory,Stress Responses,Metal Homeostasis,Molybdenum transport and molybdoenzyme synthesis,5,,False,False,False,False,Crp+FliA+ModE,9.339586796880181e-09,,0.3,1.0,0.4615384615384615,3.0,3.0,3.0,,,,"[0, 1, 2]"
Nitrate/Nitrite,0.0012902566136171467,17,NarL,0.48810752332719726,Nitrate/Nitrite,0.5806948597855887,,0.33442803122419806,Fnr,0.31061260226626075,,Regulatory,Metabolism,Nitrogen Metabolism,Nitrate/nitrite transport and reduction,4,May include NarP through NarL crosstalk,False,False,False,False,NarL+Fnr,5.67442156717922e-28,1.0192963461124033e-23,0.8823529411764706,0.2777777777777778,0.42253521126760574,15.0,54.0,2.0,2.0,"[1, 2]",and,
BasR,0.0016970026275577865,18,BasR,0.7265383118175154,BasR,0.7311654410218712,,,,,,Regulatory,Stress Responses,Extracellular Structures,Lipid A modification and polymixin resistance in the presence of excess iron,4,,False,True,False,False,BasR,5.201191635781558e-20,3.343169947731312e-15,0.5555555555555556,0.45454545454545453,0.5,10.0,22.0,1.0,2.0,None,and,
GadXW,0.012927300601127789,19,GadX,0.8755256012912128,GadXW,0.8941147215649747,0.26981959987292203,0.32356771145891833,GadEWX,0.8300330409891679,,Regulatory,Stress Responses,Envelope Stress,Glutamate-dependent acid resistance system; multidrug efflux,4,,False,False,False,False,GadX+GadW,1.1412477838057398e-33,1.2711023803905082e-27,0.6842105263157895,1.0,0.8125000000000001,13.0,13.0,2.0,3.0,"[0, 1, 2]",and,
minicoli KOs-1,0.001648275294824586,28,,,,,,,,,,Genomic,Genetic Alterations,Genome Reduction,minicoli strain deletions,5,,False,False,False,True,,,,,,,,,,,,,
IS1,0.0018372422064887317,9,,,IS1,0.5198905627823501,,0.28137683516991846,,,,Genomic,Unknown,Unknown,IS1 transcripts,2,,False,False,False,False,,,,,,,,,,,,,
Rhamnose,0.0021830731889779242,7,RhaS,0.8438339808597666,Rhamnose,0.8568192276204523,0.29211619803203404,0.3872442078633477,,,,Regulatory,Metabolism,Carbon Metabolism,Rhamnose transport and catabolism,5,,False,False,False,False,Crp+RhaS,8.498447158906987e-19,1.2623026846696513e-14,0.8571428571428571,1.0,0.923076923076923,6.0,6.0,2.0,2.0,"[0, 1, 2]",and,
Dipeptide,0.002657450884748669,7,Fnr+IHF+gcvB,0.6342838740181558,Dipeptide,0.7296805024330463,0.3229108560233741,0.37239286662332516,iron-related,0.2676074299334137,,Regulatory,Metabolism,Amino Acid Metabolism,Dipeptide transport; flagellar biosynthesis,2,,False,False,False,False,gcvB+IHF+Fnr,1.08363699723223e-14,8.3562868204148e-08,0.7142857142857143,0.8333333333333334,0.7692307692307692,5.0,6.0,3.0,3.0,None,and,
ROS TALE Del-1,0.0014499537898636783,14,ROS Del,0.8388874589967881,ROS TALE Del-1,0.8519506131762028,0.5931314577702397,0.6339505298152438,,,,Genomic,ALE Effects,Unknown,Unknown,4,,False,False,False,False,,,,,,,,,,,,,
Cytochrome c,0.0021836144984905825,10,Cytochrome c,0.4633090487213694,Cytochrome c,0.5055731366401119,,,,,,Regulatory,Metabolism,Energy Metabolism,Cytochrome c-552 and putative cytochrome c-related proteins,3,,False,False,False,False,FlhDC+IHF+NsrR+NarL+NarP+Fis+Fnr,2.3989970808488323e-20,,0.7,1.0,0.8235294117647058,7.0,7.0,7.0,,,,"[0, 1, 2]"
Pyrimidine,0.016179458008516723,13,UTP,0.8592275633554974,Pyrimidine,0.8847853306221526,0.447866986489115,0.5380034245812423,PurR-2,0.7505316327530991,0.3436559232611159,Regulatory,Metabolism,Nucleotide Metabolism,Pyrimidine transport and biosynthesis,4,,False,False,False,False,PurR/UTP,5.24363631638485e-17,6.740170121081087e-12,0.6923076923076923,0.25,0.3673469387755102,9.0,36.0,2.0,2.0,None,both,
Membrane,0.005077303897316421,18,Membrane-2,0.713230988154298,Membrane,0.7146146287801622,0.4046397246969164,0.44241854173052153,membrane,0.5337808457190525,,Biological,Stress Responses,Envelope Stress,"Membrane-related stress response regulators, transporters, multidrug resistance",2,,False,False,False,False,,,,,,,,,,,,,
Phosphotransferase,0.0015757574999716306,8,Mlc,0.3167753828658887,DhaR,0.3515649291572163,,,,,,Regulatory,Metabolism,Carbon Metabolism,Phosphotransferase-mediated glucose import; maltose transport and catabolism,5,,False,False,False,False,Crp+Mlc,1.2105828803380591e-12,1.7988051018943222e-08,0.625,0.5,0.5555555555555556,5.0,10.0,2.0,2.0,"[0, 1, 2]",and,
GlcNAc,0.0015696639750527597,13,NagC,0.6802909087781013,GlcNAc,0.7026019143235859,,0.3144532573391161,NagC/TyrR,0.579131405619495,,Regulatory,Metabolism,Carbon Metabolism,"Amino sugar transport, biosynthesis and catabolism",5,,False,False,False,False,NagC+Crp,2.0530972329129002e-11,3.050081249215405e-07,0.46153846153846156,0.2608695652173913,0.33333333333333337,6.0,23.0,2.0,2.0,"[0, 1, 2]",and,
Tryptophanase,0.004664965152729739,2,,,Tryptophanase,0.5158932292526194,,,Crp-1,0.29305995115068223,,Regulatory,Metabolism,Amino Acid Metabolism,Tryptophan import and catabolism via tryptophanase; indole/pyruvate biosynthesis,5,,False,False,False,False,Crp+TorR+Nac+L-tryptophan,0.0,,1.0,1.0,1.0,2.0,2.0,4.0,,,,None
ROS TALE Del-2,0.0018749630370528125,6,Spermidine,0.7953582610569947,ROS TALE Del-2,0.8043163166417163,0.39780078055490153,0.457578007981403,Lrp,0.2716859703938593,,Genomic,ALE Effects,Unknown,Unknown,4,,False,False,False,False,,,,,,,,,,,,,
crp KO,0.003084407063225658,18,Crp-related,0.6413131971917075,crp KO-1,0.6644979501548715,0.3127921678555783,0.3577592863583005,crp-KO,0.5328748600932441,,Genomic,Genetic Alterations,Carbon Metabolism,crp KO and compensatory regulatory changes,2,,False,False,False,True,,,,,,,,,,,,,
Fnr-1,0.008741490895522896,16,Fnr-1,0.4989309933980954,Fnr-1,0.5871301641697346,,0.31600314166919297,,,,Regulatory,Metabolism,Energy Metabolism,Transition from aerobic to anaerobic growth; anaerobic reductase and hydrogenase activity,4,May include NarL,False,False,False,False,Fnr,1.4596413889261536e-11,7.227981975585765e-08,0.75,0.04054054054054054,0.07692307692307693,12.0,296.0,1.0,2.0,"[0, 1, 2]",and,
Cytochrome bo3,0.0016963151466177218,5,Cytochrome bo3,0.6691034908905882,cyoB/kdpE/qseB KO,0.8060426807952639,0.25753615880611075,0.3683339035053685,,,,Regulatory,Metabolism,Energy Metabolism,Cytochrome bo3; high oxygen quinol:oxygen oxidoreductase; aerobic respiration,5,,False,False,False,False,Fur+GadE+HprR+Fis+CusR+Fnr+ArcA+Cra+Crp+PdhR,0.0,,1.0,1.0,1.0,5.0,5.0,10.0,,,,"[0, 1, 2]"
Arginine,0.012598877689585786,26,ArgR,0.9026342065651507,Arginine,0.9054958424916459,0.3171559633723035,0.3711112547440077,ArgR,0.7529053351179626,,Regulatory,Metabolism,Amino Acid Metabolism,Arginine transport and biosynthesis,5,,False,False,False,False,ArgR,2.3833556226598708e-39,4.2814600405461916e-35,0.7692307692307693,0.5405405405405406,0.6349206349206349,20.0,37.0,1.0,2.0,"[1, 2]",and,
Fimbriae,0.0027918882277603307,7,Fimbriae,0.8708647157633159,Fimbriae,0.8731459339230944,0.26827970294226117,0.32023064426343906,fimbriae,0.7320990769183783,,Regulatory,Stress Responses,Extracellular Structures,Type 1 (mannose-sensitive) pili/fimbriae biosynthesis and secretion,5,,False,False,False,False,QseB+IHF+Lrp+H-NS,0.0,0.0,1.0,1.0,1.0,7.0,7.0,4.0,4.0,"[0, 1, 2]",and,
PaaX,0.0013559688844286821,12,PaaX,0.5876185900879423,PaaX,0.5980842983668965,0.2521319204107698,0.29261326436555096,,,,Regulatory,Metabolism,Carbon Metabolism,Phenylacetic acid transport and catabolism,5,,False,False,False,False,Crp+IHF+PaaX+SlyA,1.3616687038607881e-27,2.502714806147847e-20,0.8333333333333334,0.9090909090909091,0.8695652173913043,10.0,11.0,4.0,4.0,"[0, 1, 2]",and,
FlhDC-2,0.023302000519156874,41,FlhDC-2,0.951350314096379,FlhDC-2,0.9483036054518661,0.30386635915350185,0.3899278676937464,FlhDC,0.9062753758695652,,Regulatory,Stress Responses,Extracellular Structures,Flagellum biosynthesis and export,5,,False,False,False,False,FlhDC,1.3111927657647935e-63,5.845166230502873e-59,0.9024390243902439,0.4567901234567901,0.6065573770491803,37.0,81.0,1.0,2.0,"[0, 1, 2]",and,
Fnr-3,0.006740250539921999,18,Anaero-related,0.7255368882468349,Fnr-3,0.7664558658104356,0.3102011028495381,0.3766119463347246,Fnr,0.5112542469908802,,Regulatory,Metabolism,Energy Metabolism,Anaerobic growth,3,,False,True,False,False,Fnr,6.779161484316583e-11,1.2180119438871605e-06,0.5,0.0891089108910891,0.15126050420168066,9.0,101.0,1.0,2.0,"[1, 2]",and,
Cytochrome bd-I,0.0027490342523344147,4,Cytochrome bd-I,0.5096300087820809,cydB/appC KO,0.3431667076263972,0.26944630520048085,,,,,Regulatory,Metabolism,Energy Metabolism,Cytochrome bd-I; limited oxygen quinol:oxygen oxidoreductase; microaerobic respiration,5,,False,False,False,False,ArcA+Cra+H-NS+HypT+Fnr,6.623323636787529e-07,,0.5,1.0,0.6666666666666666,2.0,2.0,5.0,,,,"[0, 1, 2]"
Phosphate-1,0.0010849207734734412,9,PhoB-1,0.6354008176516156,Phosphate-1,0.6127833751597055,,,,,,Regulatory,Metabolism,Phosphate Metabolism,"Inorganic phosphate sensing, transport, and production",5,,False,True,False,False,PhoB,1.0861488752485399e-18,1.950506150171328e-14,1.0,0.19148936170212766,0.32142857142857145,9.0,47.0,1.0,2.0,"[1, 2]",and,
Leucine,0.007102464204631342,6,Leucine,0.5373990862812349,Leucine,0.5463450342562006,0.2814097438113318,0.30888893579865373,,,,Regulatory,Metabolism,Amino Acid Metabolism,Leucine biosynthesis,5,,False,False,False,False,LeuO+ppGpp+Leu-tRNA,1.0977417485754798e-12,2.821682593433602e-06,0.6666666666666666,1.0,0.8,4.0,4.0,3.0,3.0,None,and,
Sorbitol,0.003169972647477759,6,GutM+SrlR,0.6965772034987786,Sorbitol,0.7491170625250844,,0.2707407875516448,SrlR+GutM,0.548698362906787,,Regulatory,Metabolism,Carbon Metabolism,Sorbitol transport and catabolism,5,,False,False,False,False,SrlR+GutM+Crp+H-NS,8.498447158906987e-19,1.2224304326864176e-11,1.0,0.8571428571428571,0.923076923076923,6.0,7.0,4.0,4.0,"[0, 1, 2]",and,
UC-K12-1,0.002027841009081266,10,,,,,,,,,,Unknown,Unknown,Unknown,Unknown,1,,False,False,False,False,,,,,,,,,,,,,
SSW SNPs,0.009052030373269848,91,ALE Muts,0.7901808077164293,SSW SNPs,0.8173861603466536,0.40672355021754275,0.45479572767091314,,,,Genomic,Genetic Alterations,ALE Effects,Unknown,3,,False,False,False,False,,,,,,,,,,,,,
UC-4,0.0030748124934564247,57,RcsC-related,0.8490312233635889,UC-4,0.8745096175513796,0.3467332534319363,0.4317167811909943,uncharacterized-1,0.6459634859831701,,Unknown,Unknown,Unknown,Unknown,1,May be related to RcsC,False,False,False,False,,,,,,,,,,,,,
Salicylic Acid,0.002647838920843193,12,ComR/MarR,0.4890292689091435,Salicylic Acid,0.4834325318036001,0.28497278910134116,0.2921104937480765,,,,Biological,Stress Responses,Redox Stress,Salicylic acid efflux,3,,False,False,False,False,,,,,,,,,,,,,
Osmoprotectant,0.0022879685356992363,4,ProVWX,0.7420221037320693,Osmoprotectant,0.7924154869769504,0.5023195709829497,0.5620094133114552,proVWX,0.4837431711259616,0.3101468673680419,Regulatory,Stress Responses,Envelope Stress,Transport of osmoprotectant glycine betaine,5,,False,False,False,False,RpoS+ppGpp+IHF+H-NS,1.7418526969696285e-08,,0.75,0.375,0.5,3.0,8.0,4.0,,,,"[0, 1, 2]"
Zinc-1,0.006325133770128555,16,ZntR/Zur/CueR,0.9505952311956105,Zinc-1,0.9544381103989047,0.35080936471171853,0.3892033342636225,Zinc,0.9068074632361234,0.26843336179098415,Regulatory,Stress Responses,Metal Homeostasis,Zinc sensing and uptake; copper sensing and export,4,CueR involvement may be promiscuous,False,False,False,False,Zur/ZntR/CueR,1.8120548014672055e-20,8.072898030400158e-14,0.5625,0.6428571428571429,0.6000000000000001,9.0,14.0,3.0,3.0,"[0, 1, 2]",both,
entC/ubiC KO,0.001051192235091425,3,menF KO,0.3346137234735611,entC/ubiC KO-1,0.3873459958495862,,,entC-menF-KO,0.43461656874637394,,Genomic,Genetic Alterations,Energy Metabolism,entC/ubiC KO and compensatory sad up-regulation,2,From efeU ALE 36-38,False,False,False,True,,,,,,,,,,,,,
Glutamine,0.0021768374990130956,6,NtrC-1,0.5215350843609853,Glutamine,0.4826408226238047,,,,,,Regulatory,Metabolism,Nitrogen Metabolism,Glutamine transport and synthesis,5,Likely includes RpoN,False,False,False,False,NtrC,3.1868564957705763e-12,1.593428247885288e-11,0.8333333333333334,0.29411764705882354,0.4347826086956522,5.0,17.0,1.0,1.0,"[1, 2]",and,
Glyoxylate,0.0028462740635435413,3,Glyoxylate,0.5075528398510121,Glyoxylate,0.5065729134183202,0.26856732658214055,0.3146356105983761,,,,Regulatory,Metabolism,Energy Metabolism,Glyxoylate cycle; alternate to TCA cycle,5,,False,False,False,False,Crp+ArcA+ppGpp+Cra+IclR+IHF,0.0,,1.0,1.0,1.0,3.0,3.0,6.0,,,,"[0, 1, 2]"
Glycerol,0.010071358616551507,10,GlpR-1,0.9238107539352212,Glycerol,0.9301773417310987,0.2519965974980883,0.2945005799692032,GlpR,0.8891065559696384,,Regulatory,Metabolism,Carbon Metabolism,Glycerol/glycerol-3-phosphate transport and catabolism,5,,False,False,False,False,Crp+GlpR,7.97086233997923e-27,1.183991891980515e-22,0.9,1.0,0.9473684210526316,9.0,9.0,2.0,2.0,"[0, 1, 2]",and,
N Reduction,0.005961333324787432,20,Fnr+NarLP,0.7493372968974386,N Reduction,0.7542148924948232,,0.32378162723522425,NarL,0.5554534499801642,,Regulatory,Metabolism,Energy Metabolism,"Electron transfer via nitrate reductases (periplasmic and A), cytochrome c",4,,False,False,False,False,FlhDC+ModE+NarP+NarL+Fnr,7.60523759245359e-39,,0.75,1.0,0.8571428571428571,15.0,15.0,5.0,,,,"[0, 1, 2]"
Copper,0.010802287649938291,11,CueR/CusR/HprR,0.9550105445839302,Copper,0.9587695581082324,0.3249789772478869,0.3739055950099903,Copper,0.8898476163064251,,Regulatory,Stress Responses,Metal Homeostasis,Copper/silver sensing and export,5,,False,True,False,False,CusR/CueR/HprR,5.584744844194745e-22,4.256089367802062e-16,0.7272727272727273,0.8888888888888888,0.7999999999999999,8.0,9.0,3.0,3.0,"[1, 2]",both,
Lactate,0.0014304639300588562,3,LldR+ArcA,0.42471313109337344,,,,,,,,Regulatory,Metabolism,Carbon Metabolism,Lactate transport and catabolism,5,,False,False,False,False,ArcA+LldR,0.0,0.0,1.0,1.0,1.0,3.0,3.0,2.0,2.0,"[1, 2]",and,
Nucleotide Stress,0.0027841659512825023,29,DksA-related,0.5724475005087968,Nucleotide Stress,0.6338565693858685,0.42025040999038465,0.4962491320272814,,,,Biological,Stress Responses,DNA Damage,DNA repair; stringent response signaling via ppGpp; ribosomal biogenesis and stability,2,,False,False,False,False,,,,,,,,,,,,,
Sialic Acid,0.0016316404214751223,11,NanR,0.5168568445585968,Sialic Acid,0.5114973910984395,,,,,,Regulatory,Metabolism,Carbon Metabolism,N-acetyl-neuraminic acid (or sialic acid) transport and metabolism,5,,False,False,False,False,Crp+NanR,6.209168915138152e-23,1.3833717884482046e-18,0.7272727272727273,1.0,0.8421052631578948,8.0,8.0,2.0,2.0,"[0, 1, 2]",and,
Acetate,0.0029348868035786735,4,,,Acetate,0.4213686394005056,,,Crp-1,0.2544080525226408,,Biological,Metabolism,Carbon Metabolism,Acetate uptake and catabolism; aldehyde catabolism; acetate/ethanol detoxification at stationary phase,2,,False,False,False,False,,,,,,,,,,,,,
ROS TALE Amp,0.0014956220070609927,8,DLP12,0.6882290892420615,ROS TALE Amp,0.7308460986436712,0.3403164735601777,0.427150508970036,,,,Genomic,ALE Effects,Unknown,Amplification of DLP12/IS3,5,From ros_tale project,False,False,False,False,,,,,,,,,,,,,
UC-K12-2,0.003751972392541547,66,,,,,,,,,,Unknown,Unknown,Unknown,Unknown,1,,False,False,False,False,,,,,,,,,,,,,
BW25113,0.002722270129883908,18,BW25113,0.7906797289008081,BW25113,0.8094040122327878,0.32930021830246864,0.35072754211144014,BW25113,0.7471503141836533,,Genomic,Genetic Alterations,Strain Difference,Accounts for genomic differences between BW25113 and MG1655 substrains,5,,False,False,False,False,,,,,,,,,,,,,
UC-K12-3,0.0034784175934642336,26,AA-related,0.49526193912004157,UC-1,0.3529241940344722,0.36823789180644684,0.29070109232114744,uncharacterized-2,0.3366419200274407,0.25732236862388347,Unknown,Unknown,Unknown,Unknown,1,,False,False,False,False,,,,,,,,,,,,,
Fur-2,0.009036215924279056,38,Fur-2,0.854510890638012,Fur-2,0.859204163495934,0.35466719263671515,0.3956167005632753,Fur-2,0.6679561610645807,,Regulatory,Stress Responses,Metal Homeostasis,"Iron sensing and uptake, enterobactin biosynthesis, iron-sulfur cluster activation, iron sequestration",5,,False,False,False,False,Fur,3.381725702404734e-34,7.538542935800633e-30,0.7105263157894737,0.2125984251968504,0.32727272727272727,27.0,127.0,1.0,2.0,"[0, 1, 2]",and,
FliA,0.022836829584484852,36,FliA,0.9450196425578157,FliA,0.9536213312574886,0.3160115923521861,0.368873010628281,FliA,0.8754697158137347,,Regulatory,Stress Responses,Extracellular Structures,"Sigma 28; flagellum biosynthesis and export, motility",5,,False,False,False,False,FliA,6.3110996988890504e-62,2.813362023770761e-57,0.9444444444444444,0.4657534246575342,0.6238532110091743,34.0,73.0,1.0,2.0,"[0, 1, 2]",and,
Ile/Val,0.0026002898578257883,7,AHAS I,0.5208019002637169,Ile/Val,0.3930676569891777,,,,,,Biological,Metabolism,Amino Acid Metabolism,Isoleucine and valine biosynthesis,4,,False,False,False,False,,,,,,,,,,,,,
Gluconate,0.0009238662769436301,3,GntR,0.37054389557520123,Gluconate,0.38399729471943256,,,GntR/TyrR,0.30537820042733904,,Regulatory,Metabolism,Carbon Metabolism,Gluconate transport and catabolism (Entner-Doudoroff),5,,False,False,False,False,Crp+GntR,9.339586796880181e-09,,1.0,0.3,0.4615384615384615,3.0,10.0,2.0,,,,"[0, 1, 2]"
ldrC,0.0022410640394990855,3,rdlC,0.48419488643395575,ldrC,0.49876032804193676,,,,,,Technical,Single Gene,Unknown,Unknown,5,,True,False,False,False,,,,,,,,,,,,,
Galactose,0.0018215296591572727,7,GalRS,0.3211931676630714,Galactose,0.4608284894706687,,,,,,Regulatory,Metabolism,Carbon Metabolism,Galactose transport and catabolism,5,Specifically captures RpoS-co-regulated GalRS regulon,False,False,False,False,RpoS+GalR+GalS+Crp,3.791242561934631e-14,5.4533849335039e-07,0.7142857142857143,0.7142857142857143,0.7142857142857143,5.0,7.0,4.0,4.0,"[0, 1, 2]",and,
RpoH,0.0037684352921668607,45,RpoH,0.8742247578412995,RpoH,0.8832768758546928,0.3062077421784111,0.39351602807485836,RpoH,0.6417783043480806,,Regulatory,Stress Responses,Temperature Shock,Global heat shock response during log-phase; response to high temperature and/or misfolded proteins,5,,False,False,False,False,RpoH,3.5064814355294173e-54,1.563049164701593e-49,0.8666666666666667,0.2785714285714286,0.42162162162162165,39.0,140.0,1.0,2.0,"[0, 1, 2]",and,
Thr/Ser,0.004007831432246256,7,TdcAR/CadC,0.5459656108849017,Thr/Ser-1,0.5775859236905061,,0.2829033435851806,,,,Regulatory,Metabolism,Amino Acid Metabolism,Threonine/serine transport and catabolism during anaerobiosis,5,,False,False,False,False,TdcA+TdcR+IHF+Fnr+Crp,0.0,,1.0,1.0,1.0,7.0,7.0,5.0,,,,"[0, 1, 2]"
UC-K12-4,0.0013138402736611043,9,,,,,,,,,,Unknown,Unknown,Unknown,Unknown,1,,False,False,False,False,,,,,,,,,,,,,
Fermentation,0.0019558527375478363,13,,,,,,,,,,Biological,Metabolism,Energy Metabolism,Fermentation-related hydrogenase/ethanolamine/lactate catabolism,2,,False,False,False,False,,,,,,,,,,,,,
Suf System,0.003890828573686833,7,Suf System,0.5299906807841024,Suf System,0.5105007184780863,,0.26153011106778024,,,,Regulatory,Stress Responses,Metal Homeostasis,Iron-sulfur cluster biosynthesis and insertion,5,,False,False,False,False,NsrR+IHF+IscR+OxyR+Fur+ppGpp,8.498447158906987e-19,,0.8571428571428571,1.0,0.923076923076923,6.0,6.0,6.0,,,,None
Histidine,0.0033340313318113157,8,Histidine,0.8059227506498525,Histidine,0.8065039718013611,0.3043871965555144,0.3543959609044886,His-tRNA,0.6909198839556593,,Regulatory,Metabolism,Amino Acid Metabolism,Histidine biosynthesis,5,,False,False,False,False,His-tRNA+DksA,0.0,0.0,1.0,1.0,1.0,8.0,8.0,2.0,2.0,None,and,
FlhDC-1,0.0013500895905421695,34,FlhDC-1,0.7110382200846229,FlhDC-1,0.7377213078650314,0.3064632097286507,0.41541332944174336,,,,Regulatory,Stress Responses,Extracellular Structures,Flagellum biosynthesis and export,5,,False,False,False,False,FlhDC,8.12170317584381e-28,1.4597949288261664e-23,0.5,0.4358974358974359,0.4657534246575343,17.0,39.0,1.0,2.0,"[1, 2]",and,
lacI,0.0008135052852218383,1,,,,,,,,,,Technical,Single Gene,Unknown,Unknown,5,,True,False,False,False,,,,,,,,,,,,,
CsrA,0.002220877659212861,65,,,,,,,,,,Regulatory,Metabolism,Carbon Metabolism,Glycogen biosynthesis and degradation; biofilm formation; central carbon metabolism,5,,False,False,False,False,CsrA,1.0399759939609786e-13,6.689541583554599e-09,0.15384615384615385,0.47619047619047616,0.23255813953488375,10.0,21.0,1.0,2.0,None,and,
UC-K12-5,0.0036777219036989717,64,,,,,,,,,,Unknown,Unknown,Unknown,Unknown,1,,False,False,False,False,,,,,,,,,,,,,
PDH,0.001047782185032986,6,,,cyoB/ndh/nuoB KO-2,0.31485473343403964,,,,,,Regulatory,Metabolism,Energy Metabolism,Pyruvate dehydrogenase; pyruvate formate lyase,4,,False,False,False,False,NsrR+ArcA+PdhR+Fnr,1.5565977994800304e-09,,0.5,1.0,0.6666666666666666,3.0,3.0,4.0,,,,"[0, 1, 2]"
UC-K12-6,0.0018657111288669093,12,,,,,,,,,,Unknown,Unknown,Unknown,Unknown,1,,False,False,False,False,,,,,,,,,,,,,
Cellulose,0.004730038664803926,68,Membrane-1,0.7552912007083555,Cellulose,0.7763734126281301,0.5383404393210524,0.5679264808114642,uncharacterized-6,0.6341019254768527,0.41496453444596937,Biological,Stress Responses,Extracellular Structures,Cellulose biosynthesis; biofilm formation; membrane/periplasmic proteins,2,,False,False,False,False,,,,,,,,,,,,,
Glutarate,0.004777499457393919,5,,,Glutarate,0.5352068545370531,,0.37925675581437535,,,,Regulatory,Metabolism,Carbon Metabolism,Glutarate/aminobutyrate transport and catabolism,4,,False,False,False,False,RpoS+H-NS+Crp+Lrp+GlaR+ppGpp,0.0,,1.0,1.0,1.0,5.0,5.0,6.0,,,,None
Phosphate-2,0.0014943771297506458,28,PhoB-2,0.657154948985235,Phosphate-2,0.6637043054718631,,0.273200061839008,,,,Regulatory,Metabolism,Phosphate Metabolism,"Inorganic phosphate sensing, transport, and production",5,,False,True,False,False,PhoB,4.707837753087472e-38,8.45480582076979e-34,0.75,0.44680851063829785,0.56,21.0,47.0,1.0,2.0,"[1, 2]",and,
CPZ-55,0.001242047484569686,5,,,,,,,,,,Biological,Unknown,Unknown,Unknown,1,,False,False,False,False,,,,,,,,,,,,,
pts KO,0.0005178092396743716,7,pts KO,0.5513584399211854,pts KO,0.6763030629699195,,0.3926470293476988,,,,Genomic,Genetic Alterations,Carbon Metabolism,ptsHI/crr KO and compensatory regulatory changes,2,,False,False,False,True,,,,,,,,,,,,,
Crp-1,0.011008230802668328,80,Crp-2,0.7628027578662283,Crp-1,0.776173726785026,0.4530868359169899,0.4939207638895116,,,,Regulatory,Metabolism,Carbon Metabolism,Miscellaneous carbon source metabolism,3,Low enrichment due to large regulon,False,False,False,False,Crp,8.368514059781899e-10,,0.3875,0.059845559845559844,0.10367892976588629,31.0,518.0,1.0,,,,"[0, 1, 2]"
NrdR,0.002327235119461535,6,NrdR,0.6598155985641573,NrdR,0.6737638007901777,0.3221009572516842,0.3803660013736244,,,,Regulatory,Metabolism,Nucleotide Metabolism,Ribonucleoside reduction,5,,False,False,False,False,NrdR,1.0198136590688384e-17,1.8314833503217269e-13,1.0,0.6666666666666666,0.8,6.0,9.0,1.0,2.0,"[1, 2]",and,
YmfT,0.002379330439382321,13,YmfT,0.7269855817075047,YmfT,0.7073267368215075,,,fur-KO,0.2744985329714895,,Regulatory,Stress Responses,DNA Damage,e14 prophage regulator activated by DNA damage,3,,False,False,True,False,YmfT,,,,,,,,,,,,
Pyruvate-1,0.002177226649711983,5,BtsR,0.8341123306631779,Pyruvate-1,0.8321927175332827,0.32258400061970943,0.36342168939772673,Pyruvate,0.5991622369740921,,Regulatory,Metabolism,Carbon Metabolism,"Pyruvate sensing, transport, and catabolism under nutrient limitation",4,,False,True,False,False,BtsR,0.0011745360582569885,,0.2,1.0,0.33333333333333337,1.0,1.0,1.0,,,,"[1, 2]"
baeR KO,0.001031448335726104,19,,,baeR KO,0.8227421042752588,,0.5567245842066569,,,,Genomic,Genetic Alterations,Envelope Stress,baeR KO,4,May include side effect deletion of KpLE12 phage region,False,False,False,True,,,,,,,,,,,,,
Succinate,0.007848454636694924,16,sdh KO,0.5796781813697272,sdh KO,0.5820327753603701,,,ArcA-1,0.2636303925820467,,Regulatory,Metabolism,Energy Metabolism,Succinate dehydrogenase/succinate reactions of TCA cycle,5,,False,False,False,False,ryhB+Fur+Fnr+Crp+ArcA,4.351541645213434e-20,,0.5,0.8888888888888888,0.64,8.0,9.0,5.0,,,,None
Translation,0.009646890588784651,56,Translation,0.7550720352989142,Translation,0.7667548341130265,0.3938590148989884,0.42443673868285786,translation,0.5816891892312894,0.30062130086986233,Regulatory,Translation,Translation,Ribosome biogenesis,5,"May include additional regulators such as ppGpp, Fnr, ArcA, RplD",False,False,False,False,DksA,1.6249182785451868e-72,1.0447737055561988e-67,0.8571428571428571,0.42857142857142855,0.5714285714285714,48.0,112.0,1.0,2.0,None,and,
OxyR,0.000954021953409212,28,OxyR,0.8215843470688798,OxyR,0.8784697928098045,0.36863271439153095,0.4915745804422199,OxyR,0.5583894257349028,,Regulatory,Stress Responses,Redox Stress,"Oxidative stress response, especially peroxide",4,May also account for oxyR KO from oxyR project,False,False,False,False,OxyR,3.379089620989268e-18,6.071548230993517e-14,0.39285714285714285,0.3793103448275862,0.3859649122807017,11.0,29.0,1.0,2.0,"[1, 2]",and,
Quorum Sensing,0.00288688378191293,7,LsrR,0.504083211320727,Quorum Sensing,0.6469152810534352,,,,,,Regulatory,Stress Responses,Quorum Sensing,"Quorum sensing via autoinducer 2, biofilm architecture, foreign DNA stress response; lsrR KO",5,Elucidated by lsrR KO from DDB3 project but other project activities suggest capture of actual regulon variation,False,False,False,False,Crp+LsrR,7.196991242546497e-21,6.461818587120372e-17,1.0,0.7777777777777778,0.8750000000000001,7.0,9.0,2.0,2.0,"[1, 2]",and,
Halicin,0.0010042084578142374,7,,,,,,,,,,Biological,Stress Responses,Redox Stress,Response to halicin antibiotic,2,,False,False,False,False,,,,,,,,,,,,,
Exuronate,0.0017567074222897272,10,ExuR/YdfH/RhaRS,0.399093678193483,UC-9,0.42662845587479903,,,ExuR/FucR,0.26453640739837503,,Regulatory,Metabolism,Carbon Metabolism,Galacturonate and glucuronate transport and catabolism,5,,False,False,False,False,ExuR+Crp,2.1364300504478997e-15,6.346763965200591e-11,0.6,0.6666666666666666,0.631578947368421,6.0,9.0,2.0,2.0,"[0, 1, 2]",both,
Cold Shock,0.011835007910300122,12,,,Cold Shock,0.7158109967163215,,0.3547115078332434,uncharacterized-3,0.28697356326213197,,Biological,Stress Responses,Temperature Shock,Cold shock proteins,5,,False,False,False,False,,,,,,,,,,,,,
ppGpp,0.01527566701782801,82,ppGpp,0.7727693227546543,ppGpp,0.7559858076466794,0.563778049041464,0.5627637050329118,uncharacterized-5,0.6066029751627106,0.4446504154474295,Regulatory,Stress Responses,Global Stress,Stringent response,5,,False,False,False,False,ppGpp,1.293535500376616e-38,2.3243539406267413e-34,0.8292682926829268,0.08994708994708994,0.16229116945107397,68.0,756.0,1.0,2.0,"[1, 2]",and,
Nucleoside,0.0019080541451230726,11,,,Nucleoside,0.5893006655575647,,0.28155773465786066,,,,Regulatory,Metabolism,Nucleotide Metabolism,Transport and utilization of ribonucleosides and deoxyribonucleosides,5,,False,False,False,False,Crp+CytR,2.1699250101866822e-17,1.9485926591476405e-13,0.6363636363636364,0.6363636363636364,0.6363636363636364,7.0,11.0,2.0,2.0,"[1, 2]",and,
LPS,0.004200350377763673,25,LPS,0.7003841110369734,LPS,0.714787382757795,0.3846868323964295,0.4348033769346262,lipopolysaccharide,0.540777469445335,,Biological,Stress Responses,Extracellular Structures,Lipopolysaccharide biosynthesis and export,5,,False,False,False,False,,,,,,,,,,,,,
NtrC-2,0.0030841939319176115,15,NtrC-2,0.7045865258668138,NtrC-2,0.7328280087961425,0.2574432486807268,0.3121380306967463,NtrC+RpoN,0.3699020296115014,,Regulatory,Metabolism,Nitrogen Metabolism,"Nitrogen assimilation, ammonium transport",4,,False,True,False,False,NtrC+RpoN,1.1415831523334616e-24,2.544075134132736e-20,0.8666666666666667,0.2653061224489796,0.40625,13.0,49.0,2.0,2.0,"[0, 1, 2]",and,
Formaldehyde,0.0012211839373915678,3,,,,,,,,,,Regulatory,Stress Responses,Redox Stress,Formaldehyde detoxification/catabolism,5,,False,False,False,False,FrmR,0.0,0.0,1.0,1.0,1.0,3.0,3.0,1.0,2.0,None,and,
Biotin,0.0034796667990355523,6,BirA,0.7296634387344803,Biotin,0.73096476204934,,0.2575443210542998,,,,Regulatory,Metabolism,Cofactor Metabolism,Biotin biosynthesis,5,,False,False,False,False,BirA,5.162199617096073e-16,9.269761852419418e-12,0.8333333333333334,1.0,0.9090909090909091,5.0,5.0,1.0,2.0,"[1, 2]",and,
YgbI,0.0007244137045054888,5,YgbI,0.476061467517731,YgbI,0.4671019579771426,,,YgbI,0.4593147685146123,,Regulatory,Metabolism,Carbon Metabolism,Tartrate transport and catabolism,2,May be regulon discovery,False,False,True,False,YgbI,,,,,,,,,,,,
YieP,0.0014374733201493184,8,YieP,0.5997720632821218,YieP,0.6578536373297046,,0.2971180944490455,YieP,0.4053951995043488,,Regulatory,Stress Responses,Envelope Stress,"Cellular membrane synthesis and stress response, 3-hydroxypropanoate tolerance",5,,False,False,False,False,YieP,3.399378863562795e-18,6.105284438958779e-14,0.75,1.0,0.8571428571428571,6.0,6.0,1.0,2.0,"[1, 2]",and,
Efflux Pump,0.001178849196428411,2,,,Efflux Pump,0.47975723231392076,,0.26284569882408326,,,,Biological,Stress Responses,Resistance,Multidrug/spermidine efflux pump,5,,False,False,False,False,,,,,,,,,,,,,
Glycine Betaine,0.0013742236751058678,4,,,,,,,,,,Regulatory,Stress Responses,Envelope Stress,Osmotic shock response via glycine betaine synthesis from choline,5,,False,False,False,False,ArcA+Cra+BetI,0.0,0.0,1.0,1.0,1.0,4.0,4.0,3.0,3.0,"[0, 1, 2]",and,
Sugar Diacid,0.00229662186312507,14,CdaR,0.8327379865670429,Sugar Diacid,0.8413821613844383,0.28492831021203596,0.3142074723009495,CdaR,0.8146650829943647,0.260137918072916,Regulatory,Metabolism,Carbon Metabolism,Transport and catabolism of carbohydrate diacids (galacatarate and glucarate),5,,False,False,False,False,CdaR,1.5957666404638413e-24,7.110736149906876e-20,0.6428571428571429,1.0,0.782608695652174,9.0,9.0,1.0,2.0,"[0, 1, 2]",and,
RpoS,0.03185423439697599,112,RpoS,0.9049532689478251,RpoS,0.9214430335845585,0.42347844167472226,0.5172069278469471,RpoS,0.7981613952006433,0.2856895464504525,Regulatory,Stress Responses,Global Stress,Master regulator of global stress response,5,Also accounts for DDB3 rpoS KO,False,False,False,False,RpoS,1.0698747484421525e-20,4.772604265325597e-16,0.38392857142857145,0.13230769230769232,0.1967963386727689,43.0,325.0,1.0,2.0,"[0, 1, 2]",and,
Ferric Citrate,0.0018548754577732973,5,FecI,0.6304630542858245,Ferric Citrate,0.647313606029559,,0.2602110066346153,FecI,0.41643234443580207,,Regulatory,Stress Responses,Metal Homeostasis,Ferric citrate transporter; iron uptake under intracellular limitation,5,,False,False,False,False,PdhR+HypT+Nac+Crp+Fur+FecI,0.0,,1.0,1.0,1.0,5.0,5.0,6.0,,,,None
UC-K12-7,0.004051832948012812,26,,,,,,,,,,Unknown,Unknown,Unknown,Unknown,1,,False,False,False,False,,,,,,,,,,,,,
Putrescine,0.01031167382560394,9,PuuR,0.8219061520045043,Putrescine,0.8759134929330907,0.3283273804733526,0.5022977036115025,PuuR,0.6389229730501437,,Regulatory,Metabolism,Nitrogen Metabolism,Putrescine transport and catabolism,5,,False,False,False,False,RpoS+ArcA+PuuR,3.386819408257175e-24,3.772165793594712e-18,0.8888888888888888,1.0,0.9411764705882353,8.0,8.0,3.0,3.0,"[0, 1, 2]",and,
Lrp,0.01969355604810863,22,Lrp,0.7842863029981858,Lrp,0.7776164462486632,0.33227700972639984,0.33770842249310024,Lrp,0.6994102495386256,,Regulatory,Metabolism,Amino Acid Metabolism,"Global regulation of amino acid biosynthesis/catabolism, stationary phase, nutrient transport, pili synthesis, 1-carbon metabolism",5,,False,False,False,False,Lrp,6.910739803243015e-17,1.540092918851722e-12,0.5454545454545454,0.17391304347826086,0.26373626373626374,12.0,69.0,1.0,2.0,"[0, 1, 2]",and,
Sulfoquinovose,0.0005312700488999678,9,CsqR,0.7694335345877455,Sulfoquinovose,0.7903761458007309,0.33441335114421133,0.4075624513216823,CsqR,0.7292031210724512,0.26965332355629834,Regulatory,Metabolism,Carbon Metabolism,Sulfoquinovose transport and catabolism,5,,False,False,False,False,CsqR,4.6061790963386544e-11,8.270855185385687e-07,0.4444444444444444,0.8,0.5714285714285714,4.0,5.0,1.0,2.0,"[1, 2]",and,
minicoli KOs-3,0.0024431754545568563,17,,,,,,,,,,Genomic,Genetic Alterations,Genome Reduction,Deletions from minicoli strain,4,,False,False,False,True,,,,,,,,,,,,,
Fatty Acid,0.002765025656449982,8,FadR,0.3544603633240363,Fatty Acid,0.37457359600882456,,,FadR/IclR,0.3018081012829743,,Regulatory,Metabolism,Carbon Metabolism,Fatty acid degradation and biosynthesis,5,,False,False,False,False,FadR,2.719140362491612e-16,6.058108770613187e-12,0.875,0.3181818181818182,0.4666666666666667,7.0,22.0,1.0,2.0,"[0, 1, 2]",and,
NO Stress,0.001405580618548452,11,NsrR,0.5848579927939247,NO Stress,0.570261260949809,,,nitrate-related,0.5105779595489567,,Regulatory,Stress Responses,Redox Stress,"Nitric oxide sensing and detoxification, iron-sulfur cluster repair, anaerobic growth",4,NarL likely involved; may partially account for TCS btsR KO,False,True,False,False,NsrR/NarP,4.371071589484027e-13,4.1016314112586206e-08,0.8181818181818182,0.075,0.13740458015267176,9.0,120.0,2.0,3.0,"[0, 1, 2]",or,
ArcA,0.009018596311296312,57,ArcA,0.6608349473115827,ArcA,0.7588627114784001,0.3201460961422877,0.4192425742922813,ArcA-1,0.590005536799727,0.2720807835348599,Regulatory,Metabolism,Energy Metabolism,Anaerobiosis; repression of aerobic growth genes during anaerobic growth,3,,False,False,False,False,ArcA,5.0418362459299436e-24,,0.5263157894736842,0.13100436681222707,0.2097902097902098,30.0,229.0,1.0,,,,None
FDH,0.0023246592436593216,5,FDH-O,0.42083605953973724,FDH-O,0.42432213751595255,,,,,,Regulatory,Metabolism,Energy Metabolism,Formate dehydrogenase O; formate to carbon dioxide oxidation; formate-nitrate electron transport during aerobic/anerobic shift,4,,False,False,False,False,SdhX,1.554951496589144e-08,1.3994563469302298e-07,0.6,0.5,0.5454545454545454,3.0,6.0,1.0,1.0,None,and,
NtrC-3,0.0030766827558256216,23,NtrC-3,0.8189012929876428,NtrC-3,0.8047345417169343,0.33526898522730103,0.36753446507585597,NtrC+RpoN,0.7791094749384776,0.2784900760939777,Regulatory,Metabolism,Nitrogen Metabolism,"Nitrogen assimilation, pyrimidine transport and catabolism",4,May also account for nac KO,False,True,False,False,NtrC+RpoN,3.270411238001657e-38,7.287130320515293e-34,0.8695652173913043,0.40816326530612246,0.5555555555555556,20.0,49.0,2.0,2.0,"[0, 1, 2]",and,
Purine,0.01310252183142413,33,PurR,0.8473960622834987,Purine,0.8516441024665036,0.3495446506503926,0.39652296163012113,PurR-1,0.7467534331558907,,Regulatory,Metabolism,Nucleotide Metabolism,Purine transport and biosynthesis,5,,False,False,False,False,PurR+ppGpp,2.6954662959846676e-29,4.0044745781913554e-25,0.45454545454545453,0.7142857142857143,0.5555555555555556,15.0,21.0,2.0,2.0,"[0, 1, 2]",and,
CP4-44,0.0009063573034524541,4,CP4-44,0.8831620929037417,CP4-44,0.9064910091422863,0.29996654938947354,0.4138846433249567,flu-yeeRS,0.7010927602459177,,Biological,Unknown,Prophage,CP4-44 prophage expression variation,5,,False,False,False,False,,,,,,,,,,,,,
Cysteine-2,0.0007507107392495938,8,CysB-2,0.5237673030040365,Cysteine-2,0.5179134244655046,0.28316940211717706,0.29963666568232067,,,,Regulatory,Metabolism,Amino Acid Metabolism,"Cysteine biosynthesis, sulfate assimilation",5,,False,False,False,False,CysB,2.4777270393169047e-12,5.5203758435980634e-08,0.75,0.1935483870967742,0.30769230769230765,6.0,31.0,1.0,2.0,"[0, 1, 2]",and,
FDH-N/NRA,0.005074513153645932,14,Fnr+NarL,0.6374551860986022,FDH-N/NRA,0.7623587369155159,,0.3544475472315026,NarL,0.43886556025165496,,Regulatory,Metabolism,Energy Metabolism,Anaerobic growth on nitrate; formate-to-nitrate electron transfer via formate dehydrogenase N and nitrate reductase A,5,,False,False,False,False,NarL+Fnr,4.2092707642581646e-22,3.78055653691847e-18,0.8571428571428571,0.2222222222222222,0.35294117647058826,12.0,54.0,2.0,2.0,"[1, 2]",and,
UC-K12-8,0.0014309622636962116,12,FDH-O,0.3161307055236089,FDH-O,0.3077211038840454,,,,,,Unknown,Unknown,Unknown,Unknown,1,,False,False,False,False,,,,,,,,,,,,,
NtrC-1,0.005528948624419439,11,NtrC+RpoS,0.432469664534525,NtrC-1,0.49546921459940063,,,,,,Regulatory,Metabolism,Nitrogen Metabolism,"Nitrogen assimilation, ammonium transport",5,,False,True,False,False,RpoN+RpoS+NtrC,1.2724952831670301e-15,2.8345551392380588e-09,0.6363636363636364,0.4117647058823529,0.5,7.0,17.0,3.0,3.0,"[0, 1, 2]",and,
Tryptophan,0.0041832004866818595,11,Tryptophan,0.7333229155090756,Tryptophan,0.7147004957618738,,,Tryptophan,0.6365171381181853,,Regulatory,Metabolism,Amino Acid Metabolism,Tryptophan transport and biosynthesis,5,,False,False,False,False,TrpR+Trp-tRNA,3.974893705163976e-14,5.109566862240084e-10,0.45454545454545453,1.0,0.625,5.0,5.0,2.0,2.0,None,and,
e14 Del,0.0020950675424600274,13,e14 Removal,0.7851069543295796,e14 Del,0.8099539147408034,0.2794208419791537,0.34520309226374074,e14-deletion,0.599850309010473,,Genomic,ALE Effects,Unknown,Unknown,5,,False,False,False,False,,,,,,,,,,,,,
NDH-1,0.0021372263345594833,14,NDH-1,0.580670275481727,NDH-1,0.6003237380450023,,0.27776340271816424,iron-related,0.2914034352839018,,Regulatory,Metabolism,Energy Metabolism,"NADH:ubiquinone oxidoreductase I: electron transfer from NADH to quinone pool, proton electrochemical gradient generation for aerobic and anaerobic respiration",5,,False,False,False,False,NarL+ArcA+IHF+Fnr+Fis+ryhB,5.888791454105982e-37,,0.9285714285714286,1.0,0.962962962962963,13.0,13.0,6.0,,,,None
Isc System,0.0019894609227769644,11,ryhB,0.6687008240187496,Isc System,0.6774503746844058,0.3234506715876502,0.3765660058544631,iron-related,0.26997223172841184,,Regulatory,Metabolism,Cofactor Metabolism,Iron-sulfur cluster biogenesis and insertion,5,,False,False,False,False,ryhB/IscR,1.7683402456505657e-13,4.916251912611158e-09,0.7272727272727273,0.13114754098360656,0.22222222222222224,8.0,61.0,2.0,2.0,"[0, 1, 2]",both,
pgi KO,0.0014108089386327682,2,SG_sgrT,0.48228441509671616,pgi KO,0.5154264479670491,,0.286318100438098,sgrT,0.45850083118106544,,Genomic,Genetic Alterations,Carbon Metabolism,pgi KO,5,From cck and svns_pgi projects,False,False,False,True,,,,,,,,,,,,,
FHL,0.0018938239946725277,12,FhlA,0.6024960569406458,FHL,0.5578765394460324,,,ArcA-2,0.2991255268640026,,Regulatory,Metabolism,Energy Metabolism,Formate hydrogenlyase: hydrogen production during glucose fermentation via formate oxidation/proton reduction,5,,False,False,False,False,RpoN+NsrR+ModE+IHF+FhlA,1.7535897147954302e-25,,0.75,1.0,0.8571428571428571,9.0,9.0,5.0,,,,"[0, 1, 2]"
UC-K12-9,0.0012640773369128055,16,,,,,,,,,,Unknown,Unknown,Unknown,Unknown,1,,False,False,False,False,,,,,,,,,,,,,
Glycine,0.0013738735648913813,5,GcvA,0.6695923097564564,Glycine,0.6671038099329234,0.2501976792250372,0.2918779653123904,GcvA,0.5012798835168927,,Regulatory,Metabolism,Amino Acid Metabolism,Glycine cleavage system,5,,False,False,False,False,PurR+Fnr+ppGpp+Crp+Lrp+GcvA,7.782988997400152e-10,,0.6,1.0,0.7499999999999999,3.0,3.0,6.0,,,,"[0, 1, 2]"
yjjZ,0.002843287939559125,5,Fe-related-2,0.6535780202690182,yjjZ,0.6447196792117962,0.3435623246491007,0.36602853485115,iron-related,0.3322004806289293,,Technical,Single Gene,Unknown,Unknown,4,,True,False,False,False,,,,,,,,,,,,,
Superoxide,0.001562771539303509,93,SoxS,0.9277025129702795,Superoxide,0.9372848963121329,0.5951156196549804,0.6484151944838158,SoxS,0.7277757774272927,0.3068685121203466,Regulatory,Stress Responses,Redox Stress,"Superoxide/nitric oxide sensing and removal, protection from organic solvents and antibiotics",4,Rob and MarA co-regulate subset of genes; but P1K activity centered around paraquat (superoxide),False,False,False,False,SoxS,4.717731864999461e-45,2.10410841178976e-40,0.3333333333333333,0.7380952380952381,0.4592592592592593,31.0,42.0,1.0,2.0,"[0, 1, 2]",and,
Acid Shock RNA,0.00154093897696006,3,asr,0.6164721749024843,Acid Shock RNA,0.6204306167298183,,0.27104136153801756,,,,Biological,Stress Responses,Acid Stress,Very low pH-responsive acid shock polypeptide,5,,False,False,False,False,,,,,,,,,,,,,
UC-K12-10,0.001630757148449069,14,SG_ydaG,0.3154127281951495,ydaG,0.3385859879656282,,,,,,Unknown,Unknown,Unknown,Unknown,1,,False,False,False,False,,,,,,,,,,,,,
Zinc-2,0.000748856409709342,1,ZraR,0.4718572188396531,Zinc-2,0.45302670728797073,,,,,,Regulatory,Stress Responses,Metal Homeostasis,Tolerance to high zinc concentration,5,,False,True,False,False,ZraR,0.0007047216349541931,,1.0,0.3333333333333333,0.5,1.0,3.0,1.0,,,,"[1, 2]"
RpoE,0.0017144118110802298,18,RpoE,0.5993993744587482,RpoE,0.6175787075963477,0.31500454698446895,0.32955536230964066,,,,Regulatory,Stress Responses,Temperature Shock,Heat shock response; response to high temperature and/or misfolded membrane/periplasmic proteins,2,Genes in iM not directly implicated in RpoE main heat shock/protease activity,False,False,False,False,RpoE,4.711394564882496e-19,2.0997743296768306e-14,0.7777777777777778,0.112,0.1958041958041958,14.0,125.0,1.0,2.0,"[0, 1, 2]",and,
Empty,0.0008448735443783439,0,,,,,,,,,,Technical,Unknown,Unknown,Unknown,1,,False,False,False,False,,,,,,,,,,,,,
Biofilm,0.0021632062237001426,4,BluR,0.7618888505278921,Biofilm,0.763786833986889,0.34785635505663753,0.4176731348247144,,,,Regulatory,Stress Responses,Extracellular Structures,"Biofilm formation, acid resistance, cold shock response",5,Acid 2CS?,False,False,False,False,RpoS+ppGpp+BluR+MarA,0.0,,1.0,1.0,1.0,4.0,4.0,4.0,,,,None
NAD,0.001497216442447158,3,,,,,,,,,,Regulatory,Metabolism,Cofactor Metabolism,NAD biosynthesis,5,,False,False,False,False,NadR,3.1131955989600605e-10,9.339586796880181e-10,1.0,0.75,0.8571428571428571,3.0,4.0,1.0,1.0,"[0, 1, 2]",and,
EvgA,0.0013790801873668768,15,EvgA,0.8723110799538509,EvgA,0.8939478070223011,0.3593999224159034,0.4629800640036682,EvgA,0.7948062985686865,0.2891377576337164,Regulatory,Stress Responses,Envelope Stress,"Glutamate-dependent acid response, drug resistance, alkali metals response",5,,False,True,False,False,EvgA,3.8545754267781884e-29,6.924744754207015e-25,0.8,0.7058823529411765,0.7500000000000001,12.0,17.0,1.0,2.0,"[1, 2]",and,
Fnr-2,0.012616860304436428,69,Fnr-2,0.6785519964642354,Fnr-2,0.6615149374133645,0.33146214860315626,0.35238884325131653,Fnr,0.4023739115651896,,Regulatory,Metabolism,Energy Metabolism,Transition from aerobic to anaerobic growth; global control of anaerobiosis,4,,False,False,False,False,Fnr,1.0787157022290815e-12,5.069963800476683e-11,0.36231884057971014,0.08445945945945946,0.136986301369863,25.0,296.0,1.0,1.0,"[0, 1, 2]",and,
gcvB,0.0075013752860785265,90,,,gcvB,0.601418502081316,,,,,,Regulatory,Metabolism,Amino Acid Metabolism,Amino acid transport,3,,False,False,False,False,gcvB,2.450270501042837e-13,1.0923060866598865e-08,0.16666666666666666,0.2631578947368421,0.2040816326530612,15.0,57.0,1.0,2.0,"[0, 1, 2]",and,
PAL 26 Del,0.0011993532665051099,39,PAL Del-1,0.8330297046236336,PAL 26 Del,0.8371014100752011,0.43810326882852846,0.4573699270452319,deletion-1,0.8096478136134888,0.39222656573473724,Genomic,ALE Effects,Unknown,Unknown,5,,False,False,False,False,,,,,,,,,,,,,
TMAO,0.0008853818130922786,3,,,,,,,,,,Regulatory,Metabolism,Energy Metabolism,Trimethylamine N-oxide reduction under anaerobiosis,5,,False,True,False,False,NarL+TorR,0.0,0.0,1.0,1.0,1.0,3.0,3.0,2.0,2.0,"[0, 1, 2]",and,
Lactose,0.0007855141850886538,3,,,,,,,,,,Regulatory,Metabolism,Carbon Metabolism,Lactose transport and catabolism,5,,False,False,False,False,Crp+MarA+H-NS+LacI,0.0,,1.0,1.0,1.0,3.0,3.0,4.0,,,,"[1, 2]"
Sulfate,0.0011929846903099284,17,CysB+Cbl,0.8459069479265222,Sulfate,0.8421216194935316,0.37659831991340664,0.41945420503748754,Cbl+CysB,0.6385980491314815,0.27279016227241987,Regulatory,Metabolism,Amino Acid Metabolism,Cysteine transport and biosynthesis; aliphatic sulfonate utilization and homeostatic response to sulfate starvation,5,,False,False,False,False,Cbl+CysB,1.9377166348489505e-23,1.7406508530848123e-19,0.5294117647058824,1.0,0.6923076923076924,9.0,9.0,2.0,2.0,"[1, 2]",and,
Potassium,0.0009481146232832582,4,KdpE,0.6281589026093776,Potassium,0.6147870963680465,,0.2539139331740256,,,,Regulatory,Stress Responses,Metal Homeostasis,Potassium sensing and transport,5,,False,True,False,False,KdpE,3.1131955989600605e-10,6.226391197920121e-10,0.75,1.0,0.8571428571428571,3.0,3.0,1.0,1.0,"[1, 2]",and,
Nickel/Cobalt,0.0016219442274005846,2,RcnR,0.4281909854007251,Nickel/Cobalt,0.45463402379635626,,,,,,Regulatory,Stress Responses,Metal Homeostasis,Nickel and cobalt resistance via efflux,5,,False,False,False,False,RcnR,3.3116618183937644e-07,3.3116618183937644e-07,1.0,0.6666666666666666,0.8,2.0,3.0,1.0,1.0,"[1, 2]",and,
Nitrogen,0.0033496971803080866,20,Nac,0.6126081889887919,Nitrogen,0.5754857230604925,0.30595271315107037,0.27099496234048487,Nac,0.5508290545263177,,Regulatory,Metabolism,Nitrogen Metabolism,Nitrogen metabolism under nitrogen limitation,5,,False,False,False,False,Nac,4.02018561365056e-16,1.7918369298601913e-11,0.45,0.34615384615384615,0.3913043478260869,9.0,26.0,1.0,2.0,"[0, 1, 2]",and,
Lysine,0.001804488053872677,3,TdcAR/CadC,0.40277549539856383,Thr/Ser-1,0.3879315411089675,,,,,,Regulatory,Metabolism,Amino Acid Metabolism,Lysine transport and catabolism; cadaverine biosynthesis,5,,False,False,False,False,GadX+ArcA+CadC+Lrp+OmpR+H-NS+GadE-RcsB,3.3116618183937644e-07,,0.6666666666666666,1.0,0.8,2.0,2.0,7.0,,,,"[0, 1, 2]"
Nickel,0.0046192906505628795,6,NikR+Fnr+NarL,0.6742472291581132,Nickel,0.7005964934716304,,0.29346698433881435,NikR,0.5155850959583926,,Regulatory,Stress Responses,Metal Homeostasis,Nickel sensing and uptake,5,,False,False,False,False,RpoN+NarL+NikR+Fnr,3.0967127383177215e-15,1.2806290319688348e-07,0.8333333333333334,0.8333333333333334,0.8333333333333334,5.0,6.0,4.0,4.0,"[0, 1, 2]",and,
Ribose,0.0024139076849009067,5,RbsR+dsrA,0.5873826058590234,Ribose,0.5969634665660505,0.2978574626291366,0.329152725674817,RbsR,0.4114729914680503,,Regulatory,Metabolism,Carbon Metabolism,Ribose transport and catabolism,5,,False,False,False,False,dsrA+Crp+RbsR,5.162199617096073e-16,7.961484954660292e-10,1.0,0.8333333333333334,0.9090909090909091,5.0,6.0,3.0,3.0,None,and,
Single Reads,0.01830623718489066,28,Single Reads,0.6932070032503539,IS Elements-2,0.8345829434080901,,0.2649814651281183,,,,Technical,Unknown,Unknown,Unknown,5,,False,False,False,False,,,,,,,,,,,,,
Fur-1,0.009597806776068474,33,Fur-1,0.8423807907668007,Fur-1,0.8663076962637049,,0.33952918147170824,Fur-1,0.7960505240878755,,Regulatory,Stress Responses,Metal Homeostasis,"Iron sensing and uptake, enterobactin biosynthesis, iron-sulfur cluster activation, iron sequestration",5,,False,False,False,False,Fur,5.50869069908319e-35,1.7924459373370702e-30,0.7878787878787878,0.2047244094488189,0.325,26.0,127.0,1.0,2.0,"[0, 1, 2]",and,
UC-K12-11,0.0016086401823642849,18,,,,,,,,,,Unknown,Unknown,Unknown,Unknown,1,,False,False,False,False,,,,,,,,,,,,,
Flagella,0.0008560333542910747,10,,,Flagella,0.568131034095831,,0.3673063215977396,,,,Biological,Stress Responses,Extracellular Structures,Flagellar biosynthesis,2,Partly minicoli-specific,False,False,False,False,,,,,,,,,,,,,
Capsule,0.0036836694815483018,36,RcsAB,0.9554129608205818,Capsule,0.9600328427678628,0.44906062390161616,0.5029252366159193,RcsAB,0.8450769365236777,,Regulatory,Stress Responses,Extracellular Structures,Colanic acid capsule synthesis and transport; periplasmic proteins; envelope stress response,4,,False,False,False,False,RcsAB,3.693593353082643e-18,8.230803428009361e-14,0.2777777777777778,0.625,0.3846153846153846,10.0,16.0,1.0,2.0,"[0, 1, 2]",and,
CpxR,0.002389445649043087,48,CpxR,0.8316388252388304,CpxR,0.8409777001552489,0.36645125120758826,0.40900234772525995,CpxR,0.595050417580953,,Regulatory,Stress Responses,Envelope Stress,"Inner membrane damage sensing and repair via protein folding/degradation, chemotaxis, drug efflux, DNA repair, motility",5,,False,True,False,False,CpxR,2.1572724899057803e-24,3.8753243008667434e-20,0.375,0.3673469387755102,0.37113402061855677,18.0,49.0,1.0,2.0,"[1, 2]",and,
yzfA,0.0005577918241289614,5,SG_yzfA,0.4268322825756114,,,,,,,,Technical,Single Gene,Unknown,Unknown,5,,True,False,False,False,,,,,,,,,,,,,
Oxidoreductase,0.00127082401308809,8,Fe-related-1,0.4637854149458423,Oxidoreductase,0.5005827924609795,,0.28552264409137323,,,,Biological,Stress Responses,Redox Stress,Putative oxidoreductase components,2,,False,False,False,False,,,,,,,,,,,,,
Propionate,0.0022550254193968167,4,PrpR+Cra,0.7084433848597701,Propionate,0.7470878840156125,0.2788001498026455,0.33241956666263306,PrpR,0.6135809578128848,,Regulatory,Metabolism,Carbon Metabolism,Propionate catabolism; 2-methylcitric acid cycle,5,,False,False,False,False,PrpR+RpoN+Cra+Crp,0.0,,1.0,1.0,1.0,4.0,4.0,4.0,,,,"[0, 1, 2]"
Qin Prophage-1,0.001652549456479968,7,SG_ydfA,0.2904008833015003,,,,,,,,Biological,Unknown,Prophage,Unknown,2,,False,False,False,False,,,,,,,,,,,,,
UC-K12-12,0.0056147531065831036,14,Membrane Stress,0.6304671234702871,,,0.48131815915001586,,,,,Unknown,Unknown,Unknown,Unknown,1,,False,False,False,False,,,,,,,,,,,,,
YgeV,0.0031474859411181333,23,YgeV,0.6072870004943949,YgeV,0.6264640606373586,0.28992415614795225,0.3269178574631037,,,,Regulatory,Metabolism,Carbon Metabolism,Nucleoside degradation activated by ethanol treatment,5,In the absence of CpxR activity as inferred from tcs cpxR KO,False,False,True,False,YgeV,,,,,,,,,,,,
UC-2,0.010514062706111438,69,Envelope Stress,0.7874461690471003,UC-2,0.8119716050533238,0.5145759662587608,0.5747676144215339,uncharacterized-2,0.543387775770751,0.2949049043277134,Unknown,Unknown,Unknown,Unknown,1,,False,False,False,False,,,,,,,,,,,,,
Qin/Rac,0.006700325793815409,6,SG_ynfT,0.40134563767511927,,,,,,,,Biological,Unknown,Prophage,Unknown,2,,False,False,False,False,,,,,,,,,,,,,
Pyruvate-2,0.001424592908523148,1,PyrR,0.7493485380231812,Pyruvate-2,0.7318665745451358,0.32618268359075264,0.34741135969578163,,,,Regulatory,Metabolism,Carbon Metabolism,Pyruvate sensing and transport,4,"yhjX is putative pyruvate transporter, not confirmed",False,True,False,False,PyrR,0.0,0.0,1.0,1.0,1.0,1.0,1.0,1.0,2.0,"[1, 2]",and,
Crp-2,0.00521660337794061,8,Crp-1,0.7727639570306818,Crp-2,0.7882926787929382,0.2867182056467874,0.34154864684807457,Crp-2,0.6241358073652256,,Regulatory,Metabolism,Carbon Metabolism,Carbohydrate transport and catabolism,4,May include GatR/galactose,False,False,False,False,GatR+ArcA+Crp,3.399378863562795e-18,,0.75,1.0,0.8571428571428571,6.0,6.0,3.0,,,,"[0, 1, 2]"
DhaR,0.0008932790332876195,5,Mlc,0.49476345603673527,DhaR,0.5011923850448652,,,DhaR/Mlc,0.3455770305818144,,Regulatory,Metabolism,Carbon Metabolism,Dihydroxyacetone transport and catabolism; phosphotransferase activity for DhaM phosphorylation,5,,False,False,False,False,DhaR,3.112097857211485e-09,4.356937000096079e-08,0.6,0.75,0.6666666666666665,3.0,4.0,1.0,1.0,"[0, 1, 2]",and,
IS Elements,0.004472900495933851,28,,,IS Elements-1,0.7724497797376491,,0.34207504303828856,,,,Biological,Unknown,Unknown,Unknown,1,,False,False,False,False,,,,,,,,,,,,,
UC-K12-13,0.0018881749024673988,4,,,,,,,,,,Unknown,Unknown,Unknown,Unknown,1,,False,False,False,False,,,,,,,,,,,,,
UC-K12-14,0.005319836086375873,7,,,,,,,,,,Unknown,Unknown,Unknown,Unknown,1,,False,False,False,False,,,,,,,,,,,,,
Citrate Lyase,0.002521308092822583,10,,,,,,,,,,Regulatory,Metabolism,Energy Metabolism,Citrate lyase complex; TCA cycle,5,,False,False,False,False,Fnr+NarL+Crp+ArcA+DpiA,4.5441402912575054e-13,,0.5,0.7142857142857143,0.588235294117647,5.0,7.0,5.0,,,,"[0, 1, 2]"
IS5,0.0019138224218837596,7,,,IS5,0.30437844627600585,,,,,,Technical,Unknown,Unknown,IS5 transcripts,3,,False,False,False,False,,,,,,,,,,,,,
Qin Prophage-2,0.0037306015837497153,7,,,,,,,,,,Biological,Unknown,Prophage,Unknown,2,,False,False,False,False,,,,,,,,,,,,,
UC-K12-15,0.0048747027471048865,3,,,,,,,,,,Unknown,Unknown,Unknown,Unknown,1,,False,False,False,False,,,,,,,,,,,,,
SoxR/ECA,0.004957460883737719,14,ECA,0.5835134438367016,,,0.44910017331649793,,,,,Biological,Stress Responses,Redox Stress,SoxR reducing system; ECA biosynthesis,2,,False,False,False,False,,,,,,,,,,,,,
UC-K12-16,0.00578583503656438,17,,,,,,,,,,Unknown,Unknown,Unknown,Unknown,1,,False,False,False,False,,,,,,,,,,,,,
Leu/Val/Ile,0.005101748539451778,10,Isoleucine,0.4133495736863636,Leu/Val/Ile,0.40398447584524294,,,Leu/Ile,0.35892356688093374,,Regulatory,Metabolism,Amino Acid Metabolism,Branched-chain amino acid biosynthesis,5,,False,False,False,False,Lrp+IHF+Ile-tRNA+Leu-tRNA+Val-tRNA+ppGpp,2.1681238391803505e-14,,0.5,1.0,0.6666666666666666,5.0,5.0,6.0,,,,None
minicoli KOs-2,0.014243289794995784,45,,,minicoli KOs,0.7254805644941963,,0.5612729305219659,,,,Genomic,Genetic Alterations,Genome Reduction,Deletions from minicoli strain,4,From minicoli project,False,False,False,True,,,,,,,,,,,,,
Qin Prophage-3,0.002837376748910825,3,SG_ynfQ,0.2850944849195834,Cold Shock,0.27439096331233354,,,,,,Biological,Unknown,Prophage,Unknown,2,,False,False,False,False,,,,,,,,,,,,,
Resistance,0.00378211472449852,54,Resistance,0.7161692493369968,Resistance,0.7787137994306027,0.4023160782391173,0.4586054803817552,,,,Biological,Stress Responses,Envelope Stress,Multidrug resistance; stress response to harmful compounds/antibiotics,2,,False,False,False,False,,,,,,,,,,,,,
Alanine,0.0049923174702478645,4,SG_alaE,0.4899976261666764,Lrp,0.28714073386367855,,,Lrp,0.28742666094563457,,Biological,Metabolism,Amino Acid Metabolism,Alanine transport and catabolism,4,,False,False,False,False,,,,,,,,,,,,,
Tartrate,0.0007603216560906345,3,,,,,,,,,,Regulatory,Metabolism,Carbon Metabolism,Tartrate transport and catabolism/fermentation,5,,False,False,False,False,TtdR,1.9863744519164663e-06,3.9727489038329325e-06,0.6666666666666666,0.5,0.5714285714285715,2.0,4.0,1.0,1.0,"[1, 2]",and,
UC-K12-17,0.002677649930965975,4,,,,,,,,,,Unknown,Unknown,Unknown,Unknown,1,,False,False,False,False,,,,,,,,,,,,,
